Flight_ID,Route_ID,Seats,Date,Time
539567,20093,300,2020-05-01,10:00 PM
390036,20093,300,2020-05-01,6:00 AM
454127,20093,300,2020-05-02,8:30 PM
424529,20093,300,2020-05-02,8:00 PM
654524,20093,300,2020-05-03,3:30 PM
660419,20093,300,2020-05-03,6:00 AM
215707,20093,300,2020-05-04,12:00 AM
674897,20093,300,2020-05-04,9:30 PM
707262,20093,300,2020-05-05,3:30 AM
438486,20093,300,2020-05-05,1:00 AM
923386,20093,300,2020-05-06,10:30 PM
640214,20093,300,2020-05-06,2:30 AM
664812,20093,300,2020-05-07,11:30 PM
216099,20093,300,2020-05-07,3:00 PM
734749,30361,300,2020-05-01,4:30 PM
367361,30361,300,2020-05-01,7:00 PM
883550,30361,300,2020-05-02,8:30 PM
478375,30361,300,2020-05-02,4:00 PM
442220,30361,300,2020-05-03,10:30 AM
589979,30361,300,2020-05-03,5:00 PM
404656,30361,300,2020-05-04,2:30 AM
827018,30361,300,2020-05-04,12:00 AM
723103,30361,300,2020-05-05,7:00 AM
480573,30361,300,2020-05-05,2:00 AM
461279,30361,300,2020-05-06,7:00 PM
597729,30361,300,2020-05-06,5:00 AM
344584,30361,300,2020-05-07,6:00 PM
532593,30361,300,2020-05-07,1:00 PM
829080,45771,300,2020-05-01,4:30 PM
426617,45771,300,2020-05-01,8:30 PM
587671,45771,300,2020-05-02,4:00 AM
239386,45771,300,2020-05-02,3:00 PM
628868,45771,300,2020-05-03,3:00 PM
376146,45771,300,2020-05-03,9:30 AM
525542,45771,300,2020-05-04,1:00 AM
856113,45771,300,2020-05-04,5:00 AM
642479,45771,300,2020-05-05,10:00 PM
595327,45771,300,2020-05-05,9:30 PM
523973,45771,300,2020-05-06,12:00 AM
660034,45771,300,2020-05-06,5:30 PM
576968,45771,300,2020-05-07,5:00 AM
501587,45771,300,2020-05-07,11:30 AM
507697,16658,300,2020-05-01,10:30 AM
579549,16658,300,2020-05-01,1:00 PM
696032,16658,300,2020-05-02,12:00 PM
614515,16658,300,2020-05-02,5:30 PM
356939,16658,300,2020-05-03,4:30 PM
948594,16658,300,2020-05-03,4:00 PM
433669,16658,300,2020-05-04,10:30 AM
883332,16658,300,2020-05-04,7:00 AM
626754,16658,300,2020-05-05,1:00 AM
775077,16658,300,2020-05-05,7:00 PM
550974,16658,300,2020-05-06,12:30 AM
588575,16658,300,2020-05-06,6:00 PM
226742,16658,300,2020-05-07,9:00 PM
465561,16658,300,2020-05-07,2:30 PM
345484,38819,300,2020-05-01,9:30 PM
522177,38819,300,2020-05-01,12:00 PM
185896,38819,300,2020-05-02,9:30 PM
563723,38819,300,2020-05-02,1:30 AM
501270,38819,300,2020-05-03,2:00 PM
733299,38819,300,2020-05-03,8:30 AM
349957,38819,300,2020-05-04,11:30 AM
210348,38819,300,2020-05-04,1:00 PM
445343,38819,300,2020-05-05,4:30 AM
676769,38819,300,2020-05-05,9:00 PM
260553,38819,300,2020-05-06,3:30 AM
460630,38819,300,2020-05-06,9:00 AM
473225,38819,300,2020-05-07,2:00 PM
417092,38819,300,2020-05-07,4:30 AM
840808,35008,300,2020-05-01,7:00 PM
877524,35008,300,2020-05-01,9:00 AM
741642,35008,300,2020-05-02,10:30 PM
573900,35008,300,2020-05-02,3:30 AM
784480,35008,300,2020-05-03,7:00 AM
754045,35008,300,2020-05-03,1:00 AM
887039,35008,300,2020-05-04,1:30 AM
571638,35008,300,2020-05-04,7:30 PM
666542,35008,300,2020-05-05,3:30 PM
513521,35008,300,2020-05-05,2:00 AM
371375,35008,300,2020-05-06,10:00 AM
914059,35008,300,2020-05-06,7:30 PM
276407,35008,300,2020-05-07,5:00 PM
768732,35008,300,2020-05-07,5:30 AM
713316,42021,300,2020-05-01,8:00 PM
638883,42021,300,2020-05-01,7:30 PM
605812,42021,300,2020-05-02,12:30 PM
304225,42021,300,2020-05-02,10:00 PM
380687,42021,300,2020-05-03,11:30 AM
317255,42021,300,2020-05-03,11:00 PM
480577,42021,300,2020-05-04,2:30 AM
521746,42021,300,2020-05-04,8:30 PM
903803,42021,300,2020-05-05,8:30 AM
494807,42021,300,2020-05-05,1:30 PM
439711,42021,300,2020-05-06,9:30 PM
311577,42021,300,2020-05-06,4:00 AM
914161,42021,300,2020-05-07,1:00 AM
464909,42021,300,2020-05-07,3:30 PM
394168,37911,300,2020-05-01,8:30 AM
422777,37911,300,2020-05-01,4:00 PM
546745,37911,300,2020-05-02,5:30 PM
706591,37911,300,2020-05-02,7:30 PM
538287,37911,300,2020-05-03,9:00 AM
567320,37911,300,2020-05-03,5:00 PM
692248,37911,300,2020-05-04,1:30 AM
404242,37911,300,2020-05-04,12:00 PM
438278,37911,300,2020-05-05,7:30 PM
346539,37911,300,2020-05-05,2:00 PM
558463,37911,300,2020-05-06,5:30 AM
743199,37911,300,2020-05-06,10:00 AM
658769,37911,300,2020-05-07,6:30 PM
514335,37911,300,2020-05-07,12:00 AM
481760,42861,300,2020-05-01,4:00 AM
692161,42861,300,2020-05-01,4:30 PM
882294,42861,300,2020-05-02,11:30 AM
792163,42861,300,2020-05-02,8:00 AM
667372,42861,300,2020-05-03,2:30 AM
433792,42861,300,2020-05-03,3:00 PM
207989,42861,300,2020-05-04,10:00 PM
414358,42861,300,2020-05-04,9:00 AM
356942,42861,300,2020-05-05,1:00 AM
864860,42861,300,2020-05-05,4:00 AM
649585,42861,300,2020-05-06,7:30 AM
386774,42861,300,2020-05-06,9:30 AM
511098,42861,300,2020-05-07,4:00 AM
715967,42861,300,2020-05-07,12:00 PM
292919,94595,300,2020-05-01,12:00 AM
530844,94595,300,2020-05-01,4:30 AM
643896,94595,300,2020-05-02,5:30 PM
840961,94595,300,2020-05-02,9:30 PM
499380,94595,300,2020-05-03,7:00 PM
749775,94595,300,2020-05-03,11:00 PM
249347,94595,300,2020-05-04,3:00 PM
483956,94595,300,2020-05-04,7:30 AM
256139,94595,300,2020-05-05,6:30 AM
635433,94595,300,2020-05-05,5:00 AM
622187,94595,300,2020-05-06,10:30 AM
768597,94595,300,2020-05-06,3:00 PM
402757,94595,300,2020-05-07,2:30 PM
643689,94595,300,2020-05-07,6:30 AM
640847,30446,300,2020-05-01,10:00 PM
767092,30446,300,2020-05-01,10:30 AM
588666,30446,300,2020-05-02,6:00 AM
453054,30446,300,2020-05-02,7:00 AM
880692,30446,300,2020-05-03,12:00 AM
625966,30446,300,2020-05-03,9:00 PM
666080,30446,300,2020-05-04,3:30 AM
795656,30446,300,2020-05-04,1:00 PM
738083,30446,300,2020-05-05,3:00 AM
610585,30446,300,2020-05-05,3:00 PM
638957,30446,300,2020-05-06,5:30 AM
474010,30446,300,2020-05-06,1:00 PM
635165,30446,300,2020-05-07,2:30 PM
454155,30446,300,2020-05-07,2:00 PM
345599,16234,300,2020-05-01,4:00 PM
708958,16234,300,2020-05-01,10:00 PM
759305,16234,300,2020-05-02,10:00 AM
220207,16234,300,2020-05-02,12:00 AM
206479,16234,300,2020-05-03,2:00 AM
591869,16234,300,2020-05-03,7:00 PM
789542,16234,300,2020-05-04,3:00 PM
805792,16234,300,2020-05-04,4:30 AM
513184,16234,300,2020-05-05,11:00 AM
857327,16234,300,2020-05-05,1:30 PM
506843,16234,300,2020-05-06,1:30 AM
488072,16234,300,2020-05-06,9:30 AM
532772,16234,300,2020-05-07,7:00 AM
951629,16234,300,2020-05-07,4:30 AM
555747,17839,300,2020-05-01,9:30 AM
832698,17839,300,2020-05-01,5:30 AM
252835,17839,300,2020-05-02,1:00 PM
364452,17839,300,2020-05-02,1:00 PM
427524,17839,300,2020-05-03,7:30 AM
226013,17839,300,2020-05-03,6:00 AM
478939,17839,300,2020-05-04,5:30 PM
637108,17839,300,2020-05-04,8:30 AM
609651,17839,300,2020-05-05,6:00 PM
815465,17839,300,2020-05-05,7:00 AM
513189,17839,300,2020-05-06,10:00 PM
444058,17839,300,2020-05-06,6:30 PM
718255,17839,300,2020-05-07,5:30 AM
832169,17839,300,2020-05-07,10:00 AM
504368,69424,300,2020-05-01,9:30 AM
322215,69424,300,2020-05-01,12:00 AM
406997,69424,300,2020-05-02,12:00 PM
572100,69424,300,2020-05-02,7:30 AM
453587,69424,300,2020-05-03,5:30 AM
395492,69424,300,2020-05-03,1:00 AM
781665,69424,300,2020-05-04,6:30 PM
912111,69424,300,2020-05-04,2:30 AM
649745,69424,300,2020-05-05,6:00 AM
771189,69424,300,2020-05-05,3:30 PM
245927,69424,300,2020-05-06,3:30 PM
188662,69424,300,2020-05-06,3:00 PM
251209,69424,300,2020-05-07,12:30 PM
663503,69424,300,2020-05-07,12:30 AM
663713,34745,300,2020-05-01,9:00 PM
556018,34745,300,2020-05-01,10:00 PM
368023,34745,300,2020-05-02,3:00 PM
479682,34745,300,2020-05-02,4:30 PM
490618,34745,300,2020-05-03,4:30 PM
244596,34745,300,2020-05-03,4:00 AM
583774,34745,300,2020-05-04,11:00 AM
413419,34745,300,2020-05-04,4:30 PM
823379,34745,300,2020-05-05,9:30 AM
520553,34745,300,2020-05-05,1:30 AM
771786,34745,300,2020-05-06,8:00 PM
423629,34745,300,2020-05-06,2:00 AM
524446,34745,300,2020-05-07,4:30 AM
380327,34745,300,2020-05-07,11:00 PM
573704,42878,300,2020-05-01,12:30 AM
500459,42878,300,2020-05-01,10:00 AM
649329,42878,300,2020-05-02,4:30 AM
785391,42878,300,2020-05-02,8:00 AM
596576,42878,300,2020-05-03,7:00 PM
801937,42878,300,2020-05-03,6:30 PM
870894,42878,300,2020-05-04,5:00 PM
256466,42878,300,2020-05-04,6:00 AM
278737,42878,300,2020-05-05,6:30 PM
325486,42878,300,2020-05-05,4:30 AM
841873,42878,300,2020-05-06,5:00 AM
368736,42878,300,2020-05-06,1:00 AM
406548,42878,300,2020-05-07,5:30 AM
371722,42878,300,2020-05-07,4:00 PM
530938,37441,300,2020-05-01,4:30 PM
575458,37441,300,2020-05-01,9:30 PM
917606,37441,300,2020-05-02,6:30 AM
536160,37441,300,2020-05-02,5:30 AM
493078,37441,300,2020-05-03,4:30 AM
797947,37441,300,2020-05-03,7:30 AM
486792,37441,300,2020-05-04,8:00 AM
275721,37441,300,2020-05-04,7:00 PM
604594,37441,300,2020-05-05,2:30 PM
901109,37441,300,2020-05-05,12:30 AM
656390,37441,300,2020-05-06,4:00 AM
557965,37441,300,2020-05-06,4:30 AM
732592,37441,300,2020-05-07,6:30 AM
548354,37441,300,2020-05-07,7:30 PM
594473,21668,300,2020-05-01,3:30 AM
451700,21668,300,2020-05-01,4:30 PM
674008,21668,300,2020-05-02,1:00 PM
347136,21668,300,2020-05-02,12:30 AM
592979,21668,300,2020-05-03,10:00 PM
370215,21668,300,2020-05-03,12:30 PM
239869,21668,300,2020-05-04,12:30 PM
475759,21668,300,2020-05-04,12:00 PM
508713,21668,300,2020-05-05,11:30 PM
291856,21668,300,2020-05-05,11:30 PM
361637,21668,300,2020-05-06,1:30 AM
672823,21668,300,2020-05-06,5:30 PM
565266,21668,300,2020-05-07,11:30 PM
452951,21668,300,2020-05-07,9:30 PM
680948,28431,300,2020-05-01,4:30 PM
314118,28431,300,2020-05-01,7:00 AM
592237,28431,300,2020-05-02,3:00 AM
407773,28431,300,2020-05-02,2:00 PM
290871,28431,300,2020-05-03,10:00 PM
968736,28431,300,2020-05-03,8:30 AM
669988,28431,300,2020-05-04,4:30 PM
367673,28431,300,2020-05-04,3:30 AM
617246,28431,300,2020-05-05,12:00 AM
429193,28431,300,2020-05-05,6:30 AM
863314,28431,300,2020-05-06,9:00 PM
801206,28431,300,2020-05-06,9:00 PM
645111,28431,300,2020-05-07,12:00 AM
612627,28431,300,2020-05-07,11:30 PM
454352,12037,300,2020-05-01,2:00 PM
543154,12037,300,2020-05-01,4:00 PM
345289,12037,300,2020-05-02,7:30 PM
237073,12037,300,2020-05-02,11:30 PM
494502,12037,300,2020-05-03,10:30 AM
596069,12037,300,2020-05-03,9:30 AM
843316,12037,300,2020-05-04,11:00 AM
472759,12037,300,2020-05-04,8:30 AM
209552,12037,300,2020-05-05,10:30 PM
652095,12037,300,2020-05-05,7:30 AM
812246,12037,300,2020-05-06,2:30 PM
781101,12037,300,2020-05-06,7:30 PM
682404,12037,300,2020-05-07,11:00 AM
658370,12037,300,2020-05-07,7:30 AM
670185,37802,300,2020-05-01,6:30 AM
612172,37802,300,2020-05-01,11:30 AM
655529,37802,300,2020-05-02,6:30 AM
409160,37802,300,2020-05-02,6:00 AM
695275,37802,300,2020-05-03,9:30 AM
485617,37802,300,2020-05-03,11:30 AM
492679,37802,300,2020-05-04,5:30 PM
630449,37802,300,2020-05-04,5:00 AM
701407,37802,300,2020-05-05,2:00 PM
395824,37802,300,2020-05-05,12:30 PM
471585,37802,300,2020-05-06,6:30 AM
695036,37802,300,2020-05-06,5:30 AM
404148,37802,300,2020-05-07,8:00 AM
613605,37802,300,2020-05-07,6:30 PM
251149,28228,300,2020-05-01,12:30 AM
809264,28228,300,2020-05-01,6:30 PM
682061,28228,300,2020-05-02,10:30 AM
487093,28228,300,2020-05-02,10:30 AM
797803,28228,300,2020-05-03,12:30 AM
438527,28228,300,2020-05-03,2:30 AM
936795,28228,300,2020-05-04,5:00 PM
394422,28228,300,2020-05-04,2:00 PM
190561,28228,300,2020-05-05,7:30 AM
658610,28228,300,2020-05-05,11:00 AM
496522,28228,300,2020-05-06,1:30 AM
481164,28228,300,2020-05-06,7:00 AM
408617,28228,300,2020-05-07,8:00 AM
316891,28228,300,2020-05-07,10:30 AM
339751,33073,300,2020-05-01,6:00 PM
496474,33073,300,2020-05-01,10:00 AM
518454,33073,300,2020-05-02,12:00 PM
525285,33073,300,2020-05-02,7:30 AM
611601,33073,300,2020-05-03,1:00 AM
349258,33073,300,2020-05-03,2:30 PM
445710,33073,300,2020-05-04,6:00 AM
556764,33073,300,2020-05-04,7:00 PM
808808,33073,300,2020-05-05,12:00 PM
700787,33073,300,2020-05-05,8:30 AM
885022,33073,300,2020-05-06,8:30 PM
862398,33073,300,2020-05-06,10:30 AM
763781,33073,300,2020-05-07,7:30 AM
685811,33073,300,2020-05-07,6:00 AM
445867,87328,300,2020-05-01,4:30 PM
251449,87328,300,2020-05-01,9:00 AM
290941,87328,300,2020-05-02,12:30 PM
453143,87328,300,2020-05-02,4:30 AM
533799,87328,300,2020-05-03,1:00 AM
860363,87328,300,2020-05-03,2:00 PM
518110,87328,300,2020-05-04,8:30 PM
354830,87328,300,2020-05-04,3:00 AM
610238,87328,300,2020-05-05,8:00 PM
788291,87328,300,2020-05-05,11:00 AM
459172,87328,300,2020-05-06,8:00 PM
397364,87328,300,2020-05-06,2:30 AM
552697,87328,300,2020-05-07,11:00 AM
593096,87328,300,2020-05-07,6:30 AM
517372,46025,300,2020-05-01,4:30 AM
851409,46025,300,2020-05-01,5:30 AM
627597,46025,300,2020-05-02,6:00 PM
385176,46025,300,2020-05-02,4:30 PM
477592,46025,300,2020-05-03,9:00 PM
399399,46025,300,2020-05-03,7:30 AM
508543,46025,300,2020-05-04,6:30 PM
904028,46025,300,2020-05-04,9:00 PM
507172,46025,300,2020-05-05,7:00 PM
569432,46025,300,2020-05-05,3:00 AM
486963,46025,300,2020-05-06,2:00 PM
829589,46025,300,2020-05-06,7:30 PM
626423,46025,300,2020-05-07,10:00 PM
686465,46025,300,2020-05-07,1:00 AM
618647,33463,300,2020-05-01,7:30 AM
443390,33463,300,2020-05-01,12:00 PM
570174,33463,300,2020-05-02,2:00 PM
204491,33463,300,2020-05-02,1:00 PM
382742,33463,300,2020-05-03,5:00 PM
451610,33463,300,2020-05-03,11:30 AM
711774,33463,300,2020-05-04,11:30 PM
722401,33463,300,2020-05-04,9:30 PM
525633,33463,300,2020-05-05,7:30 AM
588808,33463,300,2020-05-05,5:00 PM
556424,33463,300,2020-05-06,10:30 AM
600353,33463,300,2020-05-06,4:30 AM
503004,33463,300,2020-05-07,5:00 AM
260341,33463,300,2020-05-07,10:00 PM
521757,18976,300,2020-05-01,7:00 PM
241757,18976,300,2020-05-01,11:30 PM
538749,18976,300,2020-05-02,3:00 PM
252062,18976,300,2020-05-02,5:30 PM
531722,18976,300,2020-05-03,9:30 AM
736607,18976,300,2020-05-03,2:30 AM
634850,18976,300,2020-05-04,2:00 AM
900557,18976,300,2020-05-04,3:30 AM
498830,18976,300,2020-05-05,4:00 AM
314211,18976,300,2020-05-05,7:30 AM
351708,18976,300,2020-05-06,6:30 PM
805462,18976,300,2020-05-06,4:30 PM
348736,18976,300,2020-05-07,8:00 AM
646121,18976,300,2020-05-07,11:00 AM
716720,18936,300,2020-05-01,11:30 PM
603857,18936,300,2020-05-01,10:30 AM
637757,18936,300,2020-05-02,4:30 AM
279755,18936,300,2020-05-02,7:00 AM
668901,18936,300,2020-05-03,7:30 AM
274656,18936,300,2020-05-03,11:30 PM
466554,18936,300,2020-05-04,5:00 PM
562351,18936,300,2020-05-04,11:30 AM
511677,18936,300,2020-05-05,5:30 PM
806394,18936,300,2020-05-05,3:30 PM
697446,18936,300,2020-05-06,2:00 AM
189765,18936,300,2020-05-06,8:30 AM
293804,18936,300,2020-05-07,7:30 AM
459326,18936,300,2020-05-07,8:30 PM
656781,34132,300,2020-05-01,12:00 PM
667117,34132,300,2020-05-01,8:00 PM
470419,34132,300,2020-05-02,4:30 AM
687801,34132,300,2020-05-02,5:30 AM
511699,34132,300,2020-05-03,4:00 AM
864401,34132,300,2020-05-03,2:30 AM
574685,34132,300,2020-05-04,11:00 AM
647411,34132,300,2020-05-04,11:30 PM
822204,34132,300,2020-05-05,5:00 AM
611978,34132,300,2020-05-05,8:30 AM
511370,34132,300,2020-05-06,5:30 AM
315836,34132,300,2020-05-06,8:30 PM
733754,34132,300,2020-05-07,3:30 PM
784901,34132,300,2020-05-07,12:00 PM
352781,31299,300,2020-05-01,6:30 AM
636632,31299,300,2020-05-01,12:30 PM
727210,31299,300,2020-05-02,8:30 AM
650092,31299,300,2020-05-02,9:30 PM
862041,31299,300,2020-05-03,6:00 PM
735699,31299,300,2020-05-03,12:00 AM
427819,31299,300,2020-05-04,5:00 AM
390535,31299,300,2020-05-04,7:30 AM
556053,31299,300,2020-05-05,1:30 AM
333293,31299,300,2020-05-05,3:30 PM
646885,31299,300,2020-05-06,11:30 PM
777699,31299,300,2020-05-06,12:30 AM
661414,31299,300,2020-05-07,4:30 AM
666512,31299,300,2020-05-07,2:00 PM
336916,18436,300,2020-05-01,7:00 PM
616429,18436,300,2020-05-01,1:00 AM
786749,18436,300,2020-05-02,2:30 PM
868844,18436,300,2020-05-02,10:00 PM
774953,18436,300,2020-05-03,6:30 PM
484930,18436,300,2020-05-03,8:00 AM
838144,18436,300,2020-05-04,3:30 AM
237104,18436,300,2020-05-04,3:30 AM
559906,18436,300,2020-05-05,12:00 PM
496805,18436,300,2020-05-05,9:30 PM
757657,18436,300,2020-05-06,12:00 PM
547009,18436,300,2020-05-06,2:00 AM
251221,18436,300,2020-05-07,11:00 AM
631636,18436,300,2020-05-07,6:00 AM
550492,14197,300,2020-05-01,12:00 AM
532157,14197,300,2020-05-01,8:30 AM
608997,14197,300,2020-05-02,7:00 PM
540502,14197,300,2020-05-02,10:30 AM
874924,14197,300,2020-05-03,9:00 PM
508231,14197,300,2020-05-03,3:30 AM
637428,14197,300,2020-05-04,8:00 PM
648171,14197,300,2020-05-04,12:30 PM
700663,14197,300,2020-05-05,2:00 AM
824814,14197,300,2020-05-05,8:00 AM
308642,14197,300,2020-05-06,5:00 PM
272778,14197,300,2020-05-06,11:30 AM
479009,14197,300,2020-05-07,11:30 AM
444026,14197,300,2020-05-07,2:30 PM
476781,47318,300,2020-05-01,12:30 AM
344834,47318,300,2020-05-01,3:30 AM
311970,47318,300,2020-05-02,12:30 AM
733490,47318,300,2020-05-02,7:30 PM
469134,47318,300,2020-05-03,5:00 PM
564351,47318,300,2020-05-03,11:00 PM
335976,47318,300,2020-05-04,1:30 AM
474153,47318,300,2020-05-04,12:30 AM
646465,47318,300,2020-05-05,6:00 AM
515762,47318,300,2020-05-05,2:30 AM
586660,47318,300,2020-05-06,2:30 PM
384342,47318,300,2020-05-06,2:00 AM
483568,47318,300,2020-05-07,4:30 AM
380696,47318,300,2020-05-07,10:00 PM
640632,32788,300,2020-05-01,11:00 AM
512184,32788,300,2020-05-01,12:30 PM
892860,32788,300,2020-05-02,10:30 AM
300635,32788,300,2020-05-02,12:00 PM
443691,32788,300,2020-05-03,2:30 PM
698074,32788,300,2020-05-03,11:00 AM
696240,32788,300,2020-05-04,2:00 PM
663579,32788,300,2020-05-04,2:30 AM
349092,32788,300,2020-05-05,2:30 PM
353071,32788,300,2020-05-05,3:00 AM
670655,32788,300,2020-05-06,10:00 PM
531621,32788,300,2020-05-06,1:00 AM
782898,32788,300,2020-05-07,8:30 PM
320066,32788,300,2020-05-07,3:00 AM
578929,89432,300,2020-05-01,2:30 AM
332241,89432,300,2020-05-01,12:00 PM
541733,89432,300,2020-05-02,7:00 PM
430055,89432,300,2020-05-02,10:30 AM
417354,89432,300,2020-05-03,5:30 AM
358626,89432,300,2020-05-03,1:00 AM
587996,89432,300,2020-05-04,10:00 AM
653804,89432,300,2020-05-04,9:00 PM
605519,89432,300,2020-05-05,6:30 PM
714183,89432,300,2020-05-05,2:00 PM
507091,89432,300,2020-05-06,2:00 AM
603241,89432,300,2020-05-06,1:00 AM
668422,89432,300,2020-05-07,2:30 PM
880344,89432,300,2020-05-07,5:00 PM
438331,48051,300,2020-05-01,4:30 PM
474705,48051,300,2020-05-01,9:30 AM
361402,48051,300,2020-05-02,5:30 PM
773445,48051,300,2020-05-02,5:30 AM
647489,48051,300,2020-05-03,3:00 PM
767215,48051,300,2020-05-03,4:00 PM
483007,48051,300,2020-05-04,4:30 AM
272537,48051,300,2020-05-04,7:00 PM
693371,48051,300,2020-05-05,8:00 AM
906271,48051,300,2020-05-05,2:30 PM
494746,48051,300,2020-05-06,2:00 AM
294419,48051,300,2020-05-06,5:00 AM
429716,48051,300,2020-05-07,9:00 AM
629273,48051,300,2020-05-07,5:00 PM
522786,46002,300,2020-05-01,2:30 PM
372367,46002,300,2020-05-01,3:00 AM
599979,46002,300,2020-05-02,4:30 PM
684214,46002,300,2020-05-02,11:00 AM
339028,46002,300,2020-05-03,10:30 AM
198201,46002,300,2020-05-03,3:30 PM
487951,46002,300,2020-05-04,4:00 AM
365935,46002,300,2020-05-04,12:30 AM
214713,46002,300,2020-05-05,4:00 AM
645258,46002,300,2020-05-05,3:30 AM
480233,46002,300,2020-05-06,4:30 AM
744885,46002,300,2020-05-06,3:00 PM
818244,46002,300,2020-05-07,2:00 PM
273895,46002,300,2020-05-07,10:00 AM
322449,21098,300,2020-05-01,2:30 PM
567787,21098,300,2020-05-01,10:00 AM
610031,21098,300,2020-05-02,7:00 AM
305698,21098,300,2020-05-02,7:00 AM
461912,21098,300,2020-05-03,4:30 AM
513815,21098,300,2020-05-03,5:00 AM
501049,21098,300,2020-05-04,12:30 AM
933839,21098,300,2020-05-04,2:00 AM
826436,21098,300,2020-05-05,1:30 PM
321573,21098,300,2020-05-05,3:30 PM
348929,21098,300,2020-05-06,7:30 PM
863543,21098,300,2020-05-06,2:30 PM
653551,21098,300,2020-05-07,2:00 PM
634470,21098,300,2020-05-07,6:00 PM
444038,11124,300,2020-05-01,1:00 AM
331513,11124,300,2020-05-01,2:00 AM
492200,11124,300,2020-05-02,1:30 AM
400758,11124,300,2020-05-02,4:00 AM
523504,11124,300,2020-05-03,7:30 PM
740734,11124,300,2020-05-03,4:00 PM
518200,11124,300,2020-05-04,10:00 AM
540658,11124,300,2020-05-04,10:30 AM
529648,11124,300,2020-05-05,3:30 AM
394689,11124,300,2020-05-05,10:00 AM
446538,11124,300,2020-05-06,12:00 PM
679334,11124,300,2020-05-06,8:30 AM
744048,11124,300,2020-05-07,7:30 PM
434863,11124,300,2020-05-07,2:00 AM
536962,25481,300,2020-05-01,11:00 PM
463915,25481,300,2020-05-01,5:00 AM
309405,25481,300,2020-05-02,10:30 AM
734774,25481,300,2020-05-02,11:30 PM
888285,25481,300,2020-05-03,11:00 PM
801230,25481,300,2020-05-03,9:00 PM
295607,25481,300,2020-05-04,1:30 PM
302164,25481,300,2020-05-04,3:30 PM
775191,25481,300,2020-05-05,10:00 AM
415490,25481,300,2020-05-05,1:00 PM
374722,25481,300,2020-05-06,12:30 AM
336527,25481,300,2020-05-06,2:00 PM
508719,25481,300,2020-05-07,11:30 AM
886599,25481,300,2020-05-07,8:00 AM
807354,11832,300,2020-05-01,10:30 AM
618243,11832,300,2020-05-01,4:00 AM
736520,11832,300,2020-05-02,5:00 PM
381362,11832,300,2020-05-02,1:00 PM
545483,11832,300,2020-05-03,8:00 AM
511489,11832,300,2020-05-03,12:00 AM
294406,11832,300,2020-05-04,3:00 PM
500493,11832,300,2020-05-04,11:30 AM
612820,11832,300,2020-05-05,8:00 PM
564783,11832,300,2020-05-05,8:00 PM
466724,11832,300,2020-05-06,9:00 PM
625334,11832,300,2020-05-06,12:00 PM
133465,11832,300,2020-05-07,3:00 PM
435354,11832,300,2020-05-07,5:00 AM
333635,17781,300,2020-05-01,12:00 PM
543040,17781,300,2020-05-01,10:00 PM
261173,17781,300,2020-05-02,3:30 PM
287238,17781,300,2020-05-02,9:30 PM
455545,17781,300,2020-05-03,9:30 PM
731181,17781,300,2020-05-03,7:00 PM
825222,17781,300,2020-05-04,4:30 PM
255028,17781,300,2020-05-04,12:00 AM
649872,17781,300,2020-05-05,6:00 AM
807214,17781,300,2020-05-05,12:30 AM
757267,17781,300,2020-05-06,9:00 PM
304744,17781,300,2020-05-06,5:00 PM
559178,17781,300,2020-05-07,5:00 PM
214886,17781,300,2020-05-07,6:00 PM
432577,11366,300,2020-05-01,7:30 PM
660460,11366,300,2020-05-01,7:30 AM
304630,11366,300,2020-05-02,12:30 AM
518925,11366,300,2020-05-02,2:00 PM
351239,11366,300,2020-05-03,9:30 AM
706970,11366,300,2020-05-03,3:30 AM
544630,11366,300,2020-05-04,2:30 AM
351741,11366,300,2020-05-04,12:30 PM
791419,11366,300,2020-05-05,11:30 PM
603575,11366,300,2020-05-05,2:00 AM
421489,11366,300,2020-05-06,3:00 AM
666656,11366,300,2020-05-06,7:00 AM
634427,11366,300,2020-05-07,11:30 PM
384112,11366,300,2020-05-07,11:30 AM
359355,15809,300,2020-05-01,2:00 AM
271050,15809,300,2020-05-01,3:00 PM
815871,15809,300,2020-05-02,10:30 AM
418273,15809,300,2020-05-02,5:00 AM
521114,15809,300,2020-05-03,5:30 PM
301393,15809,300,2020-05-03,2:00 PM
774070,15809,300,2020-05-04,10:00 PM
848968,15809,300,2020-05-04,4:00 PM
342129,15809,300,2020-05-05,2:30 PM
667789,15809,300,2020-05-05,4:30 AM
463391,15809,300,2020-05-06,9:30 PM
362793,15809,300,2020-05-06,7:00 AM
551508,15809,300,2020-05-07,12:30 AM
381102,15809,300,2020-05-07,4:00 PM
856693,36694,300,2020-05-01,12:30 PM
570188,36694,300,2020-05-01,11:30 PM
680177,36694,300,2020-05-02,9:30 AM
260266,36694,300,2020-05-02,10:30 AM
243429,36694,300,2020-05-03,12:00 AM
446766,36694,300,2020-05-03,11:30 AM
610272,36694,300,2020-05-04,12:30 AM
563378,36694,300,2020-05-04,5:30 PM
770503,36694,300,2020-05-05,1:00 PM
673640,36694,300,2020-05-05,3:00 PM
374819,36694,300,2020-05-06,3:30 AM
430410,36694,300,2020-05-06,3:30 PM
265441,36694,300,2020-05-07,9:00 PM
799174,36694,300,2020-05-07,5:30 PM
804127,26110,300,2020-05-01,1:00 AM
468712,26110,300,2020-05-01,2:30 AM
282955,26110,300,2020-05-02,10:00 PM
511217,26110,300,2020-05-02,7:30 AM
632991,26110,300,2020-05-03,9:30 PM
471030,26110,300,2020-05-03,10:30 AM
499725,26110,300,2020-05-04,8:30 PM
748953,26110,300,2020-05-04,12:00 PM
267965,26110,300,2020-05-05,8:00 PM
248577,26110,300,2020-05-05,3:00 PM
719728,26110,300,2020-05-06,1:30 AM
776559,26110,300,2020-05-06,12:30 AM
467794,26110,300,2020-05-07,11:00 PM
408106,26110,300,2020-05-07,5:30 PM
270978,33106,300,2020-05-01,3:30 AM
692547,33106,300,2020-05-01,6:00 PM
657203,33106,300,2020-05-02,12:00 AM
601312,33106,300,2020-05-02,6:00 PM
941750,33106,300,2020-05-03,12:30 AM
539630,33106,300,2020-05-03,5:00 PM
808767,33106,300,2020-05-04,1:30 PM
591487,33106,300,2020-05-04,5:00 AM
593619,33106,300,2020-05-05,3:30 AM
317191,33106,300,2020-05-05,8:30 PM
867343,33106,300,2020-05-06,10:00 AM
280931,33106,300,2020-05-06,3:30 AM
474141,33106,300,2020-05-07,8:00 AM
654937,33106,300,2020-05-07,5:30 AM
477558,55256,300,2020-05-01,6:30 PM
817512,55256,300,2020-05-01,1:00 PM
463384,55256,300,2020-05-02,1:30 PM
402606,55256,300,2020-05-02,5:30 AM
472477,55256,300,2020-05-03,1:30 PM
557660,55256,300,2020-05-03,5:30 PM
811142,55256,300,2020-05-04,12:30 AM
304223,55256,300,2020-05-04,12:00 PM
247325,55256,300,2020-05-05,3:00 AM
834913,55256,300,2020-05-05,3:30 AM
341805,55256,300,2020-05-06,11:30 PM
237763,55256,300,2020-05-06,2:30 AM
737691,55256,300,2020-05-07,6:00 AM
769434,55256,300,2020-05-07,12:30 AM
204242,41025,300,2020-05-01,11:00 PM
624975,41025,300,2020-05-01,3:00 AM
677847,41025,300,2020-05-02,3:30 PM
628337,41025,300,2020-05-02,12:00 AM
537267,41025,300,2020-05-03,4:00 PM
554890,41025,300,2020-05-03,5:30 PM
679316,41025,300,2020-05-04,1:00 PM
652284,41025,300,2020-05-04,2:30 AM
463383,41025,300,2020-05-05,8:00 PM
408968,41025,300,2020-05-05,2:30 AM
555459,41025,300,2020-05-06,10:30 AM
299146,41025,300,2020-05-06,3:30 AM
308028,41025,300,2020-05-07,3:00 AM
262249,41025,300,2020-05-07,4:30 AM
585064,89381,300,2020-05-01,1:30 PM
605064,89381,300,2020-05-01,12:30 AM
155058,89381,300,2020-05-02,6:00 PM
525490,89381,300,2020-05-02,12:00 PM
852845,89381,300,2020-05-03,3:30 PM
372604,89381,300,2020-05-03,7:30 PM
699013,89381,300,2020-05-04,2:00 AM
716829,89381,300,2020-05-04,10:30 AM
426877,89381,300,2020-05-05,11:00 PM
627614,89381,300,2020-05-05,1:30 AM
782046,89381,300,2020-05-06,5:30 PM
693065,89381,300,2020-05-06,2:30 AM
445375,89381,300,2020-05-07,11:00 AM
559905,89381,300,2020-05-07,4:30 AM
501792,25649,300,2020-05-01,3:30 AM
581492,25649,300,2020-05-01,4:00 AM
251140,25649,300,2020-05-02,2:00 PM
496467,25649,300,2020-05-02,10:30 AM
945792,25649,300,2020-05-03,11:00 PM
439557,25649,300,2020-05-03,12:30 AM
568788,25649,300,2020-05-04,1:00 AM
762579,25649,300,2020-05-04,8:00 PM
373951,25649,300,2020-05-05,12:30 AM
477302,25649,300,2020-05-05,4:30 PM
371196,25649,300,2020-05-06,2:00 AM
510030,25649,300,2020-05-06,12:30 PM
291055,25649,300,2020-05-07,6:00 PM
916340,25649,300,2020-05-07,4:00 PM
431996,32661,300,2020-05-01,1:00 AM
669991,32661,300,2020-05-01,3:00 PM
569555,32661,300,2020-05-02,12:30 AM
395839,32661,300,2020-05-02,2:30 PM
312610,32661,300,2020-05-03,3:30 PM
271382,32661,300,2020-05-03,10:30 PM
696451,32661,300,2020-05-04,4:30 PM
459306,32661,300,2020-05-04,5:00 PM
428107,32661,300,2020-05-05,10:30 PM
269296,32661,300,2020-05-05,7:00 AM
339446,32661,300,2020-05-06,10:00 AM
241335,32661,300,2020-05-06,11:00 AM
487863,32661,300,2020-05-07,9:00 PM
330981,32661,300,2020-05-07,1:00 AM
669664,27436,300,2020-05-01,11:30 PM
603302,27436,300,2020-05-01,11:00 PM
189516,27436,300,2020-05-02,11:30 AM
834580,27436,300,2020-05-02,4:30 AM
577003,27436,300,2020-05-03,6:30 AM
360657,27436,300,2020-05-03,9:00 AM
341118,27436,300,2020-05-04,1:00 AM
788619,27436,300,2020-05-04,4:00 PM
676316,27436,300,2020-05-05,8:30 AM
692861,27436,300,2020-05-05,11:00 PM
443389,27436,300,2020-05-06,11:30 PM
361149,27436,300,2020-05-06,12:00 AM
267132,27436,300,2020-05-07,8:00 PM
620468,27436,300,2020-05-07,6:00 AM
326562,32143,300,2020-05-01,9:00 PM
301242,32143,300,2020-05-01,5:00 PM
757736,32143,300,2020-05-02,3:30 PM
753246,32143,300,2020-05-02,8:30 AM
341542,32143,300,2020-05-03,4:30 AM
946115,32143,300,2020-05-03,5:30 PM
528105,32143,300,2020-05-04,11:00 PM
446965,32143,300,2020-05-04,6:30 AM
518185,32143,300,2020-05-05,4:30 PM
292132,32143,300,2020-05-05,9:30 PM
483988,32143,300,2020-05-06,10:00 PM
111128,32143,300,2020-05-06,10:00 PM
503580,32143,300,2020-05-07,10:30 PM
319342,32143,300,2020-05-07,7:00 AM
651842,24023,300,2020-05-01,10:30 PM
816990,24023,300,2020-05-01,1:30 AM
571416,24023,300,2020-05-02,4:00 PM
432287,24023,300,2020-05-02,12:30 PM
457816,24023,300,2020-05-03,8:00 PM
575852,24023,300,2020-05-03,12:00 AM
417288,24023,300,2020-05-04,11:00 AM
440314,24023,300,2020-05-04,7:00 AM
641505,24023,300,2020-05-05,9:30 AM
572212,24023,300,2020-05-05,4:00 PM
515788,24023,300,2020-05-06,5:30 AM
815144,24023,300,2020-05-06,1:00 PM
196769,24023,300,2020-05-07,11:00 AM
592154,24023,300,2020-05-07,12:00 AM
389298,39201,300,2020-05-01,12:30 AM
404798,39201,300,2020-05-01,8:00 AM
754092,39201,300,2020-05-02,2:30 PM
690465,39201,300,2020-05-02,3:00 PM
220653,39201,300,2020-05-03,9:00 AM
725027,39201,300,2020-05-03,5:00 PM
676470,39201,300,2020-05-04,6:30 PM
422663,39201,300,2020-05-04,4:30 PM
388509,39201,300,2020-05-05,3:00 AM
746815,39201,300,2020-05-05,5:30 PM
608858,39201,300,2020-05-06,12:00 AM
591667,39201,300,2020-05-06,10:30 AM
784742,39201,300,2020-05-07,3:00 PM
306428,39201,300,2020-05-07,9:00 AM
695841,37995,300,2020-05-01,2:30 AM
427295,37995,300,2020-05-01,10:00 PM
373682,37995,300,2020-05-02,8:30 AM
709510,37995,300,2020-05-02,12:00 PM
473393,37995,300,2020-05-03,3:00 PM
470534,37995,300,2020-05-03,3:00 AM
384240,37995,300,2020-05-04,3:30 AM
750307,37995,300,2020-05-04,2:00 AM
317718,37995,300,2020-05-05,2:30 PM
563162,37995,300,2020-05-05,12:00 PM
553184,37995,300,2020-05-06,12:30 PM
546012,37995,300,2020-05-06,3:30 AM
458477,37995,300,2020-05-07,4:30 AM
557471,37995,300,2020-05-07,8:30 PM
197427,12283,300,2020-05-01,2:30 AM
731622,12283,300,2020-05-01,8:30 PM
710097,12283,300,2020-05-02,2:00 PM
804318,12283,300,2020-05-02,8:00 AM
623741,12283,300,2020-05-03,10:00 PM
280211,12283,300,2020-05-03,2:00 PM
641751,12283,300,2020-05-04,4:30 AM
187404,12283,300,2020-05-04,11:30 PM
256667,12283,300,2020-05-05,9:30 PM
443876,12283,300,2020-05-05,9:00 AM
796502,12283,300,2020-05-06,12:30 AM
603938,12283,300,2020-05-06,3:30 PM
317657,12283,300,2020-05-07,5:00 PM
211396,12283,300,2020-05-07,8:00 PM
332179,33893,300,2020-05-01,3:00 AM
773785,33893,300,2020-05-01,2:30 PM
432532,33893,300,2020-05-02,2:00 PM
714053,33893,300,2020-05-02,3:30 PM
670059,33893,300,2020-05-03,11:00 PM
669757,33893,300,2020-05-03,12:00 PM
533129,33893,300,2020-05-04,3:00 AM
888041,33893,300,2020-05-04,5:30 AM
563055,33893,300,2020-05-05,4:00 AM
311751,33893,300,2020-05-05,12:30 PM
185106,33893,300,2020-05-06,10:00 AM
561174,33893,300,2020-05-06,9:00 PM
409377,33893,300,2020-05-07,8:30 PM
123262,33893,300,2020-05-07,1:30 PM
438909,91346,300,2020-05-01,4:00 PM
432806,91346,300,2020-05-01,3:30 PM
598495,91346,300,2020-05-02,6:00 PM
417263,91346,300,2020-05-02,5:00 AM
318862,91346,300,2020-05-03,12:00 PM
876454,91346,300,2020-05-03,1:00 PM
429355,91346,300,2020-05-04,8:00 AM
410307,91346,300,2020-05-04,10:00 AM
370895,91346,300,2020-05-05,1:30 AM
908521,91346,300,2020-05-05,2:30 AM
555583,91346,300,2020-05-06,12:30 AM
608816,91346,300,2020-05-06,7:30 AM
581525,91346,300,2020-05-07,3:30 PM
537692,91346,300,2020-05-07,8:00 AM
322756,41790,300,2020-05-01,8:00 AM
418444,41790,300,2020-05-01,9:30 AM
635237,41790,300,2020-05-02,11:30 AM
689254,41790,300,2020-05-02,7:00 AM
756448,41790,300,2020-05-03,8:30 AM
766921,41790,300,2020-05-03,8:00 AM
486361,41790,300,2020-05-04,10:30 PM
689533,41790,300,2020-05-04,12:00 AM
306729,41790,300,2020-05-05,1:00 PM
578820,41790,300,2020-05-05,5:00 AM
491304,41790,300,2020-05-06,4:00 PM
728197,41790,300,2020-05-06,4:30 PM
615861,41790,300,2020-05-07,4:30 PM
499762,41790,300,2020-05-07,2:30 PM
471419,54459,300,2020-05-01,8:00 PM
871011,54459,300,2020-05-01,3:30 AM
404139,54459,300,2020-05-02,2:30 AM
711941,54459,300,2020-05-02,5:30 AM
679376,54459,300,2020-05-03,5:00 PM
675284,54459,300,2020-05-03,1:00 PM
670988,54459,300,2020-05-04,2:30 AM
685666,54459,300,2020-05-04,6:30 PM
480964,54459,300,2020-05-05,9:00 AM
188920,54459,300,2020-05-05,2:00 AM
502637,54459,300,2020-05-06,8:00 PM
262862,54459,300,2020-05-06,9:30 PM
389729,54459,300,2020-05-07,4:30 PM
900770,54459,300,2020-05-07,11:00 PM
635354,46575,300,2020-05-01,4:30 PM
361213,46575,300,2020-05-01,9:30 PM
391426,46575,300,2020-05-02,8:30 AM
811711,46575,300,2020-05-02,8:00 AM
319946,46575,300,2020-05-03,12:30 AM
881701,46575,300,2020-05-03,1:00 PM
507062,46575,300,2020-05-04,2:00 AM
719259,46575,300,2020-05-04,10:30 PM
381962,46575,300,2020-05-05,1:00 AM
365034,46575,300,2020-05-05,2:30 AM
569592,46575,300,2020-05-06,8:30 AM
756411,46575,300,2020-05-06,12:00 AM
624948,46575,300,2020-05-07,9:30 PM
422026,46575,300,2020-05-07,12:00 PM
725440,42806,300,2020-05-01,11:00 PM
543782,42806,300,2020-05-01,11:00 PM
730174,42806,300,2020-05-02,7:00 AM
332199,42806,300,2020-05-02,12:30 PM
392377,42806,300,2020-05-03,10:30 AM
595005,42806,300,2020-05-03,3:00 AM
839277,42806,300,2020-05-04,11:30 PM
324960,42806,300,2020-05-04,4:30 PM
403325,42806,300,2020-05-05,4:30 AM
654763,42806,300,2020-05-05,12:30 PM
367863,42806,300,2020-05-06,10:00 AM
583067,42806,300,2020-05-06,12:30 PM
576891,42806,300,2020-05-07,12:30 AM
452346,42806,300,2020-05-07,10:30 PM
385204,41398,300,2020-05-01,9:30 PM
648992,41398,300,2020-05-01,6:30 PM
315123,41398,300,2020-05-02,6:00 PM
465342,41398,300,2020-05-02,5:00 AM
566507,41398,300,2020-05-03,7:30 PM
789212,41398,300,2020-05-03,10:30 PM
417373,41398,300,2020-05-04,12:00 PM
414567,41398,300,2020-05-04,5:30 PM
194645,41398,300,2020-05-05,4:30 PM
676644,41398,300,2020-05-05,10:30 AM
589848,41398,300,2020-05-06,9:30 AM
784928,41398,300,2020-05-06,1:00 AM
486827,41398,300,2020-05-07,8:00 PM
576688,41398,300,2020-05-07,5:00 PM
874112,32698,300,2020-05-01,2:30 AM
769523,32698,300,2020-05-01,12:30 PM
407048,32698,300,2020-05-02,6:00 PM
567568,32698,300,2020-05-02,5:00 PM
435521,32698,300,2020-05-03,8:00 PM
895834,32698,300,2020-05-03,2:00 PM
649456,32698,300,2020-05-04,9:30 PM
445071,32698,300,2020-05-04,8:30 PM
521158,32698,300,2020-05-05,4:00 AM
640178,32698,300,2020-05-05,3:30 AM
531842,32698,300,2020-05-06,12:30 AM
648730,32698,300,2020-05-06,10:00 AM
217411,32698,300,2020-05-07,8:00 AM
340140,32698,300,2020-05-07,1:30 PM
436211,35332,300,2020-05-01,8:00 AM
749264,35332,300,2020-05-01,1:00 AM
372559,35332,300,2020-05-02,1:00 AM
457526,35332,300,2020-05-02,6:30 PM
537309,35332,300,2020-05-03,5:30 PM
660119,35332,300,2020-05-03,6:30 AM
529093,35332,300,2020-05-04,7:00 PM
418142,35332,300,2020-05-04,1:30 PM
718705,35332,300,2020-05-05,9:00 PM
476674,35332,300,2020-05-05,7:00 AM
640608,35332,300,2020-05-06,9:30 AM
346224,35332,300,2020-05-06,9:30 PM
636105,35332,300,2020-05-07,6:00 AM
356613,35332,300,2020-05-07,6:00 PM
430846,47903,300,2020-05-01,1:30 AM
655448,47903,300,2020-05-01,11:00 PM
325882,47903,300,2020-05-02,4:30 PM
200591,47903,300,2020-05-02,4:30 PM
479853,47903,300,2020-05-03,9:00 AM
505601,47903,300,2020-05-03,1:00 AM
744943,47903,300,2020-05-04,9:00 AM
701368,47903,300,2020-05-04,11:30 PM
613758,47903,300,2020-05-05,7:30 PM
522137,47903,300,2020-05-05,6:30 AM
885104,47903,300,2020-05-06,10:00 AM
626520,47903,300,2020-05-06,12:30 PM
553039,47903,300,2020-05-07,12:00 AM
357311,47903,300,2020-05-07,6:00 AM
355214,10664,300,2020-05-01,4:30 AM
565707,10664,300,2020-05-01,12:00 PM
871955,10664,300,2020-05-02,2:00 AM
654162,10664,300,2020-05-02,4:30 AM
761886,10664,300,2020-05-03,5:30 PM
723564,10664,300,2020-05-03,4:00 PM
256698,10664,300,2020-05-04,1:30 AM
470094,10664,300,2020-05-04,8:30 PM
770850,10664,300,2020-05-05,5:30 PM
232852,10664,300,2020-05-05,5:30 PM
334784,10664,300,2020-05-06,11:30 AM
624228,10664,300,2020-05-06,4:00 AM
424287,10664,300,2020-05-07,2:30 PM
311794,10664,300,2020-05-07,3:30 AM
786643,29941,300,2020-05-01,9:30 PM
442926,29941,300,2020-05-01,6:30 AM
546174,29941,300,2020-05-02,8:00 AM
701501,29941,300,2020-05-02,2:30 PM
501505,29941,300,2020-05-03,9:30 AM
149072,29941,300,2020-05-03,9:00 AM
604374,29941,300,2020-05-04,10:00 PM
477627,29941,300,2020-05-04,1:00 AM
580169,29941,300,2020-05-05,12:30 PM
730837,29941,300,2020-05-05,6:00 PM
758714,29941,300,2020-05-06,3:30 PM
774236,29941,300,2020-05-06,5:00 PM
474335,29941,300,2020-05-07,7:00 PM
281559,29941,300,2020-05-07,7:00 AM
689575,45403,300,2020-05-01,2:00 AM
111357,45403,300,2020-05-01,7:30 PM
732323,45403,300,2020-05-02,6:30 PM
903751,45403,300,2020-05-02,5:30 AM
382650,45403,300,2020-05-03,12:30 PM
359105,45403,300,2020-05-03,9:00 AM
623531,45403,300,2020-05-04,8:00 PM
605912,45403,300,2020-05-04,4:30 AM
784129,45403,300,2020-05-05,6:30 PM
376366,45403,300,2020-05-05,9:30 PM
150291,45403,300,2020-05-06,4:30 AM
808251,45403,300,2020-05-06,2:00 PM
723842,45403,300,2020-05-07,2:30 AM
551045,45403,300,2020-05-07,3:00 AM
395130,19743,300,2020-05-01,1:00 AM
234957,19743,300,2020-05-01,2:00 PM
237931,19743,300,2020-05-02,3:00 PM
611685,19743,300,2020-05-02,6:30 PM
458057,19743,300,2020-05-03,3:30 PM
470826,19743,300,2020-05-03,9:30 PM
950052,19743,300,2020-05-04,3:00 AM
509826,19743,300,2020-05-04,12:00 PM
377096,19743,300,2020-05-05,8:30 PM
424778,19743,300,2020-05-05,1:00 AM
914337,19743,300,2020-05-06,3:00 AM
538894,19743,300,2020-05-06,1:30 AM
655938,19743,300,2020-05-07,4:00 PM
849647,19743,300,2020-05-07,1:00 PM
410720,32169,300,2020-05-01,2:30 PM
527311,32169,300,2020-05-01,4:30 AM
692202,32169,300,2020-05-02,8:00 PM
745465,32169,300,2020-05-02,8:30 AM
304271,32169,300,2020-05-03,11:30 PM
613881,32169,300,2020-05-03,11:00 PM
213205,32169,300,2020-05-04,4:30 AM
471297,32169,300,2020-05-04,9:00 AM
517998,32169,300,2020-05-05,6:00 AM
390754,32169,300,2020-05-05,8:30 PM
512729,32169,300,2020-05-06,5:30 PM
545923,32169,300,2020-05-06,10:00 AM
884128,32169,300,2020-05-07,5:00 PM
309379,32169,300,2020-05-07,4:30 AM
221782,18713,300,2020-05-01,1:30 PM
378764,18713,300,2020-05-01,4:30 AM
533423,18713,300,2020-05-02,7:00 AM
147957,18713,300,2020-05-02,11:30 PM
209551,18713,300,2020-05-03,6:30 PM
758524,18713,300,2020-05-03,6:30 PM
494665,18713,300,2020-05-04,3:00 PM
443252,18713,300,2020-05-04,6:00 PM
547607,18713,300,2020-05-05,6:30 AM
685394,18713,300,2020-05-05,8:00 AM
422521,18713,300,2020-05-06,8:00 AM
582308,18713,300,2020-05-06,7:00 PM
626315,18713,300,2020-05-07,8:00 AM
652848,18713,300,2020-05-07,6:30 PM
222294,49689,300,2020-05-01,4:00 AM
390093,49689,300,2020-05-01,8:00 AM
675207,49689,300,2020-05-02,8:30 PM
768281,49689,300,2020-05-02,12:00 AM
296467,49689,300,2020-05-03,1:00 AM
540327,49689,300,2020-05-03,4:30 AM
374690,49689,300,2020-05-04,10:00 AM
281963,49689,300,2020-05-04,9:30 AM
537735,49689,300,2020-05-05,3:30 AM
950411,49689,300,2020-05-05,4:00 PM
423136,49689,300,2020-05-06,8:30 AM
527474,49689,300,2020-05-06,11:30 PM
246146,49689,300,2020-05-07,3:30 AM
765450,49689,300,2020-05-07,8:00 AM
403760,49437,300,2020-05-01,7:30 AM
572370,49437,300,2020-05-01,2:30 AM
857802,49437,300,2020-05-02,7:30 PM
532543,49437,300,2020-05-02,7:30 AM
617319,49437,300,2020-05-03,11:00 AM
617208,49437,300,2020-05-03,10:00 PM
449596,49437,300,2020-05-04,10:00 PM
526617,49437,300,2020-05-04,9:00 PM
395524,49437,300,2020-05-05,8:00 PM
607735,49437,300,2020-05-05,6:00 PM
462873,49437,300,2020-05-06,7:00 PM
541166,49437,300,2020-05-06,6:00 AM
340165,49437,300,2020-05-07,5:00 PM
322155,49437,300,2020-05-07,10:00 PM
645658,39490,300,2020-05-01,6:30 PM
594454,39490,300,2020-05-01,4:00 PM
546668,39490,300,2020-05-02,1:00 PM
717884,39490,300,2020-05-02,10:00 AM
590173,39490,300,2020-05-03,11:30 PM
619598,39490,300,2020-05-03,5:00 AM
456609,39490,300,2020-05-04,10:30 AM
339312,39490,300,2020-05-04,8:00 PM
681106,39490,300,2020-05-05,5:00 PM
351013,39490,300,2020-05-05,11:30 AM
248097,39490,300,2020-05-06,10:00 PM
449717,39490,300,2020-05-06,7:00 AM
858518,39490,300,2020-05-07,5:30 PM
625430,39490,300,2020-05-07,7:30 AM
285224,46006,300,2020-05-01,11:30 PM
574293,46006,300,2020-05-01,9:30 PM
766324,46006,300,2020-05-02,3:30 PM
508760,46006,300,2020-05-02,10:30 AM
424145,46006,300,2020-05-03,8:30 PM
719496,46006,300,2020-05-03,6:00 PM
266077,46006,300,2020-05-04,3:00 AM
406324,46006,300,2020-05-04,11:30 AM
339304,46006,300,2020-05-05,9:00 PM
257827,46006,300,2020-05-05,7:30 AM
865956,46006,300,2020-05-06,4:00 PM
687439,46006,300,2020-05-06,12:00 PM
854667,46006,300,2020-05-07,2:00 AM
486655,46006,300,2020-05-07,6:00 AM
437363,35395,300,2020-05-01,6:30 PM
673289,35395,300,2020-05-01,1:30 AM
388084,35395,300,2020-05-02,1:30 PM
751444,35395,300,2020-05-02,7:30 PM
283529,35395,300,2020-05-03,7:30 AM
646823,35395,300,2020-05-03,1:00 PM
389366,35395,300,2020-05-04,8:00 PM
655516,35395,300,2020-05-04,8:00 AM
690156,35395,300,2020-05-05,4:30 PM
916063,35395,300,2020-05-05,11:00 PM
615089,35395,300,2020-05-06,11:30 AM
466101,35395,300,2020-05-06,3:00 PM
616564,35395,300,2020-05-07,8:00 AM
697806,35395,300,2020-05-07,7:00 PM
771521,48385,300,2020-05-01,10:30 AM
380054,48385,300,2020-05-01,3:00 AM
726024,48385,300,2020-05-02,4:00 AM
602833,48385,300,2020-05-02,6:30 PM
259163,48385,300,2020-05-03,12:30 AM
555906,48385,300,2020-05-03,10:30 PM
728787,48385,300,2020-05-04,8:30 PM
531810,48385,300,2020-05-04,11:00 AM
269187,48385,300,2020-05-05,3:00 PM
540690,48385,300,2020-05-05,2:30 AM
334850,48385,300,2020-05-06,2:30 AM
549953,48385,300,2020-05-06,5:30 PM
475727,48385,300,2020-05-07,4:00 AM
164237,48385,300,2020-05-07,12:00 AM
755202,34568,300,2020-05-01,2:00 PM
693123,34568,300,2020-05-01,1:00 PM
890092,34568,300,2020-05-02,5:30 PM
411194,34568,300,2020-05-02,6:30 PM
858142,34568,300,2020-05-03,1:00 AM
350063,34568,300,2020-05-03,7:00 PM
565050,34568,300,2020-05-04,5:00 AM
749093,34568,300,2020-05-04,7:00 AM
851899,34568,300,2020-05-05,2:00 PM
653560,34568,300,2020-05-05,7:30 AM
263155,34568,300,2020-05-06,12:00 PM
478496,34568,300,2020-05-06,2:00 AM
616948,34568,300,2020-05-07,5:30 PM
147590,34568,300,2020-05-07,5:00 PM
597887,16998,300,2020-05-01,1:30 AM
391129,16998,300,2020-05-01,2:30 PM
773811,16998,300,2020-05-02,12:00 AM
811477,16998,300,2020-05-02,6:00 PM
439615,16998,300,2020-05-03,10:00 AM
237383,16998,300,2020-05-03,2:00 AM
457565,16998,300,2020-05-04,2:00 AM
472249,16998,300,2020-05-04,12:00 PM
617623,16998,300,2020-05-05,9:00 PM
576448,16998,300,2020-05-05,5:00 AM
726137,16998,300,2020-05-06,10:00 AM
664887,16998,300,2020-05-06,3:30 PM
604528,16998,300,2020-05-07,1:30 PM
606991,16998,300,2020-05-07,8:30 PM
439850,13265,300,2020-05-01,4:00 AM
271539,13265,300,2020-05-01,9:30 PM
505484,13265,300,2020-05-02,9:00 PM
681384,13265,300,2020-05-02,1:30 PM
426759,13265,300,2020-05-03,2:00 AM
662045,13265,300,2020-05-03,7:00 PM
480172,13265,300,2020-05-04,11:00 PM
212887,13265,300,2020-05-04,10:30 PM
369479,13265,300,2020-05-05,7:00 PM
382841,13265,300,2020-05-05,10:00 AM
329455,13265,300,2020-05-06,12:30 AM
648328,13265,300,2020-05-06,2:00 PM
859349,13265,300,2020-05-07,7:00 AM
838529,13265,300,2020-05-07,3:00 AM
705539,49395,300,2020-05-01,3:00 PM
132415,49395,300,2020-05-01,8:30 PM
245271,49395,300,2020-05-02,12:00 PM
639382,49395,300,2020-05-02,8:00 AM
694087,49395,300,2020-05-03,2:00 PM
774685,49395,300,2020-05-03,5:30 AM
577510,49395,300,2020-05-04,8:00 PM
567407,49395,300,2020-05-04,12:00 PM
303851,49395,300,2020-05-05,8:00 PM
296852,49395,300,2020-05-05,12:30 PM
761504,49395,300,2020-05-06,2:30 AM
804846,49395,300,2020-05-06,7:00 AM
452486,49395,300,2020-05-07,5:00 AM
534688,49395,300,2020-05-07,10:30 PM
445286,14046,300,2020-05-01,11:30 AM
582970,14046,300,2020-05-01,5:30 AM
347153,14046,300,2020-05-02,11:00 AM
473540,14046,300,2020-05-02,1:00 PM
536108,14046,300,2020-05-03,4:00 AM
797073,14046,300,2020-05-03,8:00 PM
601258,14046,300,2020-05-04,7:30 AM
537505,14046,300,2020-05-04,5:00 PM
495319,14046,300,2020-05-05,10:00 AM
617369,14046,300,2020-05-05,12:00 PM
417283,14046,300,2020-05-06,3:30 PM
737692,14046,300,2020-05-06,1:30 PM
391480,14046,300,2020-05-07,9:00 AM
763115,14046,300,2020-05-07,3:00 PM
381243,44437,300,2020-05-01,12:00 AM
489588,44437,300,2020-05-01,9:30 PM
458659,44437,300,2020-05-02,10:30 AM
782255,44437,300,2020-05-02,5:30 AM
502736,44437,300,2020-05-03,10:30 AM
724411,44437,300,2020-05-03,8:30 PM
578486,44437,300,2020-05-04,6:00 PM
644006,44437,300,2020-05-04,12:30 AM
387096,44437,300,2020-05-05,11:00 PM
645802,44437,300,2020-05-05,8:00 AM
635285,44437,300,2020-05-06,8:00 AM
610555,44437,300,2020-05-06,4:00 AM
592342,44437,300,2020-05-07,12:30 AM
684555,44437,300,2020-05-07,7:00 PM
481488,14503,300,2020-05-01,6:00 AM
355647,14503,300,2020-05-01,7:00 PM
738314,14503,300,2020-05-02,11:30 PM
396087,14503,300,2020-05-02,4:30 AM
533587,14503,300,2020-05-03,7:30 AM
756403,14503,300,2020-05-03,9:00 AM
866448,14503,300,2020-05-04,7:00 AM
362146,14503,300,2020-05-04,12:30 AM
282358,14503,300,2020-05-05,1:00 PM
806883,14503,300,2020-05-05,9:00 PM
489327,14503,300,2020-05-06,7:00 AM
234874,14503,300,2020-05-06,4:00 AM
599785,14503,300,2020-05-07,8:00 AM
712808,14503,300,2020-05-07,8:30 AM
738436,21767,300,2020-05-01,10:30 AM
483993,21767,300,2020-05-01,7:30 AM
650561,21767,300,2020-05-02,10:30 AM
481073,21767,300,2020-05-02,11:30 PM
609123,21767,300,2020-05-03,5:00 PM
643976,21767,300,2020-05-03,1:30 PM
649252,21767,300,2020-05-04,12:00 AM
767363,21767,300,2020-05-04,4:00 AM
326394,21767,300,2020-05-05,8:30 PM
946113,21767,300,2020-05-05,6:30 PM
765195,21767,300,2020-05-06,4:00 PM
678541,21767,300,2020-05-06,8:00 AM
571974,21767,300,2020-05-07,5:30 PM
496933,21767,300,2020-05-07,1:30 PM
719796,47063,300,2020-05-01,7:30 AM
542571,47063,300,2020-05-01,6:30 PM
585038,47063,300,2020-05-02,9:00 PM
815050,47063,300,2020-05-02,4:30 AM
651248,47063,300,2020-05-03,6:30 PM
490666,47063,300,2020-05-03,7:00 PM
524285,47063,300,2020-05-04,5:00 AM
333767,47063,300,2020-05-04,8:00 AM
428058,47063,300,2020-05-05,1:30 AM
624703,47063,300,2020-05-05,1:30 AM
646437,47063,300,2020-05-06,8:00 PM
405264,47063,300,2020-05-06,11:30 AM
355441,47063,300,2020-05-07,6:00 PM
708444,47063,300,2020-05-07,7:00 PM
