Flight_ID,Route_ID,Seats,Date,Time,Price
539567,20093,300,2020-05-01,10:00 PM,$382.00 
390036,20093,300,2020-05-01,6:00 AM,$408.00 
454127,20093,300,2020-05-02,8:30 PM,$497.00 
424529,20093,300,2020-05-02,8:00 PM,$444.00 
654524,20093,300,2020-05-03,3:30 PM,$357.00 
660419,20093,300,2020-05-03,6:00 AM,$319.00 
215707,20093,300,2020-05-04,12:00 AM,$457.00 
674897,20093,300,2020-05-04,9:30 PM,$492.00 
707262,20093,300,2020-05-05,3:30 AM,$450.00 
438486,20093,300,2020-05-05,1:00 AM,$400.00 
923386,20093,300,2020-05-06,10:30 PM,$467.00 
640214,20093,300,2020-05-06,2:30 AM,$349.00 
664812,20093,300,2020-05-07,11:30 PM,$468.00 
216099,20093,300,2020-05-07,3:00 PM,$406.00 
734749,30361,300,2020-05-01,4:30 PM,$323.00 
367361,30361,300,2020-05-01,7:00 PM,$435.00 
883550,30361,300,2020-05-02,8:30 PM,$355.00 
478375,30361,300,2020-05-02,4:00 PM,$323.00 
442220,30361,300,2020-05-03,10:30 AM,$358.00 
589979,30361,300,2020-05-03,5:00 PM,$483.00 
404656,30361,300,2020-05-04,2:30 AM,$491.00 
827018,30361,300,2020-05-04,12:00 AM,$460.00 
723103,30361,300,2020-05-05,7:00 AM,$347.00 
480573,30361,300,2020-05-05,2:00 AM,$456.00 
461279,30361,300,2020-05-06,7:00 PM,$361.00 
597729,30361,300,2020-05-06,5:00 AM,$435.00 
344584,30361,300,2020-05-07,6:00 PM,$489.00 
532593,30361,300,2020-05-07,1:00 PM,$400.00 
829080,45771,300,2020-05-01,4:30 PM,$411.00 
426617,45771,300,2020-05-01,8:30 PM,$463.00 
587671,45771,300,2020-05-02,4:00 AM,$439.00 
239386,45771,300,2020-05-02,3:00 PM,$449.00 
628868,45771,300,2020-05-03,3:00 PM,$489.00 
376146,45771,300,2020-05-03,9:30 AM,$457.00 
525542,45771,300,2020-05-04,1:00 AM,$372.00 
856113,45771,300,2020-05-04,5:00 AM,$350.00 
642479,45771,300,2020-05-05,10:00 PM,$486.00 
595327,45771,300,2020-05-05,9:30 PM,$319.00 
523973,45771,300,2020-05-06,12:00 AM,$422.00 
660034,45771,300,2020-05-06,5:30 PM,$308.00 
576968,45771,300,2020-05-07,5:00 AM,$465.00 
501587,45771,300,2020-05-07,11:30 AM,$377.00 
507697,16658,300,2020-05-01,10:30 AM,$406.00 
579549,16658,300,2020-05-01,1:00 PM,$458.00 
696032,16658,300,2020-05-02,12:00 PM,$460.00 
614515,16658,300,2020-05-02,5:30 PM,$363.00 
356939,16658,300,2020-05-03,4:30 PM,$345.00 
948594,16658,300,2020-05-03,4:00 PM,$344.00 
433669,16658,300,2020-05-04,10:30 AM,$414.00 
883332,16658,300,2020-05-04,7:00 AM,$484.00 
626754,16658,300,2020-05-05,1:00 AM,$488.00 
775077,16658,300,2020-05-05,7:00 PM,$423.00 
550974,16658,300,2020-05-06,12:30 AM,$462.00 
588575,16658,300,2020-05-06,6:00 PM,$304.00 
226742,16658,300,2020-05-07,9:00 PM,$474.00 
465561,16658,300,2020-05-07,2:30 PM,$441.00 
345484,38819,300,2020-05-01,9:30 PM,$329.00 
522177,38819,300,2020-05-01,12:00 PM,$366.00 
185896,38819,300,2020-05-02,9:30 PM,$329.00 
563723,38819,300,2020-05-02,1:30 AM,$442.00 
501270,38819,300,2020-05-03,2:00 PM,$407.00 
733299,38819,300,2020-05-03,8:30 AM,$301.00 
349957,38819,300,2020-05-04,11:30 AM,$494.00 
210348,38819,300,2020-05-04,1:00 PM,$414.00 
445343,38819,300,2020-05-05,4:30 AM,$403.00 
676769,38819,300,2020-05-05,9:00 PM,$486.00 
260553,38819,300,2020-05-06,3:30 AM,$326.00 
460630,38819,300,2020-05-06,9:00 AM,$459.00 
473225,38819,300,2020-05-07,2:00 PM,$472.00 
417092,38819,300,2020-05-07,4:30 AM,$315.00 
840808,35008,300,2020-05-01,7:00 PM,$453.00 
877524,35008,300,2020-05-01,9:00 AM,$423.00 
741642,35008,300,2020-05-02,10:30 PM,$315.00 
573900,35008,300,2020-05-02,3:30 AM,$341.00 
784480,35008,300,2020-05-03,7:00 AM,$314.00 
754045,35008,300,2020-05-03,1:00 AM,$333.00 
887039,35008,300,2020-05-04,1:30 AM,$400.00 
571638,35008,300,2020-05-04,7:30 PM,$412.00 
666542,35008,300,2020-05-05,3:30 PM,$457.00 
513521,35008,300,2020-05-05,2:00 AM,$465.00 
371375,35008,300,2020-05-06,10:00 AM,$412.00 
914059,35008,300,2020-05-06,7:30 PM,$389.00 
276407,35008,300,2020-05-07,5:00 PM,$394.00 
768732,35008,300,2020-05-07,5:30 AM,$308.00 
713316,42021,300,2020-05-01,8:00 PM,$446.00 
638883,42021,300,2020-05-01,7:30 PM,$397.00 
605812,42021,300,2020-05-02,12:30 PM,$460.00 
304225,42021,300,2020-05-02,10:00 PM,$304.00 
380687,42021,300,2020-05-03,11:30 AM,$441.00 
317255,42021,300,2020-05-03,11:00 PM,$314.00 
480577,42021,300,2020-05-04,2:30 AM,$410.00 
521746,42021,300,2020-05-04,8:30 PM,$325.00 
903803,42021,300,2020-05-05,8:30 AM,$311.00 
494807,42021,300,2020-05-05,1:30 PM,$391.00 
439711,42021,300,2020-05-06,9:30 PM,$474.00 
311577,42021,300,2020-05-06,4:00 AM,$309.00 
914161,42021,300,2020-05-07,1:00 AM,$446.00 
464909,42021,300,2020-05-07,3:30 PM,$304.00 
394168,37911,300,2020-05-01,8:30 AM,$302.00 
422777,37911,300,2020-05-01,4:00 PM,$412.00 
546745,37911,300,2020-05-02,5:30 PM,$379.00 
706591,37911,300,2020-05-02,7:30 PM,$362.00 
538287,37911,300,2020-05-03,9:00 AM,$351.00 
567320,37911,300,2020-05-03,5:00 PM,$499.00 
692248,37911,300,2020-05-04,1:30 AM,$416.00 
404242,37911,300,2020-05-04,12:00 PM,$440.00 
438278,37911,300,2020-05-05,7:30 PM,$466.00 
346539,37911,300,2020-05-05,2:00 PM,$484.00 
558463,37911,300,2020-05-06,5:30 AM,$465.00 
743199,37911,300,2020-05-06,10:00 AM,$374.00 
658769,37911,300,2020-05-07,6:30 PM,$384.00 
514335,37911,300,2020-05-07,12:00 AM,$495.00 
481760,42861,300,2020-05-01,4:00 AM,$465.00 
692161,42861,300,2020-05-01,4:30 PM,$422.00 
882294,42861,300,2020-05-02,11:30 AM,$405.00 
792163,42861,300,2020-05-02,8:00 AM,$432.00 
667372,42861,300,2020-05-03,2:30 AM,$416.00 
433792,42861,300,2020-05-03,3:00 PM,$500.00 
207989,42861,300,2020-05-04,10:00 PM,$457.00 
414358,42861,300,2020-05-04,9:00 AM,$492.00 
356942,42861,300,2020-05-05,1:00 AM,$309.00 
864860,42861,300,2020-05-05,4:00 AM,$451.00 
649585,42861,300,2020-05-06,7:30 AM,$376.00 
386774,42861,300,2020-05-06,9:30 AM,$340.00 
511098,42861,300,2020-05-07,4:00 AM,$389.00 
715967,42861,300,2020-05-07,12:00 PM,$394.00 
292919,94595,300,2020-05-01,12:00 AM,$462.00 
530844,94595,300,2020-05-01,4:30 AM,$455.00 
643896,94595,300,2020-05-02,5:30 PM,$468.00 
840961,94595,300,2020-05-02,9:30 PM,$446.00 
499380,94595,300,2020-05-03,7:00 PM,$318.00 
749775,94595,300,2020-05-03,11:00 PM,$361.00 
249347,94595,300,2020-05-04,3:00 PM,$330.00 
483956,94595,300,2020-05-04,7:30 AM,$478.00 
256139,94595,300,2020-05-05,6:30 AM,$400.00 
635433,94595,300,2020-05-05,5:00 AM,$430.00 
622187,94595,300,2020-05-06,10:30 AM,$384.00 
768597,94595,300,2020-05-06,3:00 PM,$395.00 
402757,94595,300,2020-05-07,2:30 PM,$396.00 
643689,94595,300,2020-05-07,6:30 AM,$314.00 
640847,30446,300,2020-05-01,10:00 PM,$398.00 
767092,30446,300,2020-05-01,10:30 AM,$431.00 
588666,30446,300,2020-05-02,6:00 AM,$447.00 
453054,30446,300,2020-05-02,7:00 AM,$477.00 
880692,30446,300,2020-05-03,12:00 AM,$423.00 
625966,30446,300,2020-05-03,9:00 PM,$419.00 
666080,30446,300,2020-05-04,3:30 AM,$494.00 
795656,30446,300,2020-05-04,1:00 PM,$370.00 
738083,30446,300,2020-05-05,3:00 AM,$344.00 
610585,30446,300,2020-05-05,3:00 PM,$374.00 
638957,30446,300,2020-05-06,5:30 AM,$412.00 
474010,30446,300,2020-05-06,1:00 PM,$420.00 
635165,30446,300,2020-05-07,2:30 PM,$322.00 
454155,30446,300,2020-05-07,2:00 PM,$384.00 
345599,16234,300,2020-05-01,4:00 PM,$475.00 
708958,16234,300,2020-05-01,10:00 PM,$305.00 
759305,16234,300,2020-05-02,10:00 AM,$434.00 
220207,16234,300,2020-05-02,12:00 AM,$324.00 
206479,16234,300,2020-05-03,2:00 AM,$350.00 
591869,16234,300,2020-05-03,7:00 PM,$369.00 
789542,16234,300,2020-05-04,3:00 PM,$330.00 
805792,16234,300,2020-05-04,4:30 AM,$370.00 
513184,16234,300,2020-05-05,11:00 AM,$341.00 
857327,16234,300,2020-05-05,1:30 PM,$335.00 
506843,16234,300,2020-05-06,1:30 AM,$447.00 
488072,16234,300,2020-05-06,9:30 AM,$381.00 
532772,16234,300,2020-05-07,7:00 AM,$495.00 
951629,16234,300,2020-05-07,4:30 AM,$499.00 
555747,17839,300,2020-05-01,9:30 AM,$499.00 
832698,17839,300,2020-05-01,5:30 AM,$413.00 
252835,17839,300,2020-05-02,1:00 PM,$370.00 
364452,17839,300,2020-05-02,1:00 PM,$396.00 
427524,17839,300,2020-05-03,7:30 AM,$319.00 
226013,17839,300,2020-05-03,6:00 AM,$495.00 
478939,17839,300,2020-05-04,5:30 PM,$361.00 
637108,17839,300,2020-05-04,8:30 AM,$392.00 
609651,17839,300,2020-05-05,6:00 PM,$462.00 
815465,17839,300,2020-05-05,7:00 AM,$455.00 
513189,17839,300,2020-05-06,10:00 PM,$421.00 
444058,17839,300,2020-05-06,6:30 PM,$312.00 
718255,17839,300,2020-05-07,5:30 AM,$316.00 
832169,17839,300,2020-05-07,10:00 AM,$407.00 
504368,69424,300,2020-05-01,9:30 AM,$319.00 
322215,69424,300,2020-05-01,12:00 AM,$490.00 
406997,69424,300,2020-05-02,12:00 PM,$440.00 
572100,69424,300,2020-05-02,7:30 AM,$437.00 
453587,69424,300,2020-05-03,5:30 AM,$366.00 
395492,69424,300,2020-05-03,1:00 AM,$474.00 
781665,69424,300,2020-05-04,6:30 PM,$352.00 
912111,69424,300,2020-05-04,2:30 AM,$462.00 
649745,69424,300,2020-05-05,6:00 AM,$481.00 
771189,69424,300,2020-05-05,3:30 PM,$470.00 
245927,69424,300,2020-05-06,3:30 PM,$302.00 
188662,69424,300,2020-05-06,3:00 PM,$433.00 
251209,69424,300,2020-05-07,12:30 PM,$338.00 
663503,69424,300,2020-05-07,12:30 AM,$373.00 
663713,34745,300,2020-05-01,9:00 PM,$323.00 
556018,34745,300,2020-05-01,10:00 PM,$417.00 
368023,34745,300,2020-05-02,3:00 PM,$435.00 
479682,34745,300,2020-05-02,4:30 PM,$307.00 
490618,34745,300,2020-05-03,4:30 PM,$445.00 
244596,34745,300,2020-05-03,4:00 AM,$308.00 
583774,34745,300,2020-05-04,11:00 AM,$447.00 
413419,34745,300,2020-05-04,4:30 PM,$394.00 
823379,34745,300,2020-05-05,9:30 AM,$369.00 
520553,34745,300,2020-05-05,1:30 AM,$500.00 
771786,34745,300,2020-05-06,8:00 PM,$464.00 
423629,34745,300,2020-05-06,2:00 AM,$380.00 
524446,34745,300,2020-05-07,4:30 AM,$444.00 
380327,34745,300,2020-05-07,11:00 PM,$496.00 
573704,42878,300,2020-05-01,12:30 AM,$461.00 
500459,42878,300,2020-05-01,10:00 AM,$327.00 
649329,42878,300,2020-05-02,4:30 AM,$383.00 
785391,42878,300,2020-05-02,8:00 AM,$352.00 
596576,42878,300,2020-05-03,7:00 PM,$446.00 
801937,42878,300,2020-05-03,6:30 PM,$405.00 
870894,42878,300,2020-05-04,5:00 PM,$457.00 
256466,42878,300,2020-05-04,6:00 AM,$354.00 
278737,42878,300,2020-05-05,6:30 PM,$349.00 
325486,42878,300,2020-05-05,4:30 AM,$323.00 
841873,42878,300,2020-05-06,5:00 AM,$447.00 
368736,42878,300,2020-05-06,1:00 AM,$308.00 
406548,42878,300,2020-05-07,5:30 AM,$316.00 
371722,42878,300,2020-05-07,4:00 PM,$429.00 
530938,37441,300,2020-05-01,4:30 PM,$477.00 
575458,37441,300,2020-05-01,9:30 PM,$309.00 
917606,37441,300,2020-05-02,6:30 AM,$416.00 
536160,37441,300,2020-05-02,5:30 AM,$342.00 
493078,37441,300,2020-05-03,4:30 AM,$340.00 
797947,37441,300,2020-05-03,7:30 AM,$434.00 
486792,37441,300,2020-05-04,8:00 AM,$449.00 
275721,37441,300,2020-05-04,7:00 PM,$420.00 
604594,37441,300,2020-05-05,2:30 PM,$407.00 
901109,37441,300,2020-05-05,12:30 AM,$411.00 
656390,37441,300,2020-05-06,4:00 AM,$352.00 
557965,37441,300,2020-05-06,4:30 AM,$496.00 
732592,37441,300,2020-05-07,6:30 AM,$386.00 
548354,37441,300,2020-05-07,7:30 PM,$432.00 
594473,21668,300,2020-05-01,3:30 AM,$401.00 
451700,21668,300,2020-05-01,4:30 PM,$417.00 
674008,21668,300,2020-05-02,1:00 PM,$434.00 
347136,21668,300,2020-05-02,12:30 AM,$498.00 
592979,21668,300,2020-05-03,10:00 PM,$345.00 
370215,21668,300,2020-05-03,12:30 PM,$451.00 
239869,21668,300,2020-05-04,12:30 PM,$437.00 
475759,21668,300,2020-05-04,12:00 PM,$398.00 
508713,21668,300,2020-05-05,11:30 PM,$317.00 
291856,21668,300,2020-05-05,11:30 PM,$327.00 
361637,21668,300,2020-05-06,1:30 AM,$432.00 
672823,21668,300,2020-05-06,5:30 PM,$480.00 
565266,21668,300,2020-05-07,11:30 PM,$301.00 
452951,21668,300,2020-05-07,9:30 PM,$464.00 
680948,28431,300,2020-05-01,4:30 PM,$441.00 
314118,28431,300,2020-05-01,7:00 AM,$485.00 
592237,28431,300,2020-05-02,3:00 AM,$441.00 
407773,28431,300,2020-05-02,2:00 PM,$411.00 
290871,28431,300,2020-05-03,10:00 PM,$358.00 
968736,28431,300,2020-05-03,8:30 AM,$404.00 
669988,28431,300,2020-05-04,4:30 PM,$447.00 
367673,28431,300,2020-05-04,3:30 AM,$371.00 
617246,28431,300,2020-05-05,12:00 AM,$489.00 
429193,28431,300,2020-05-05,6:30 AM,$470.00 
863314,28431,300,2020-05-06,9:00 PM,$322.00 
801206,28431,300,2020-05-06,9:00 PM,$421.00 
645111,28431,300,2020-05-07,12:00 AM,$351.00 
612627,28431,300,2020-05-07,11:30 PM,$466.00 
454352,12037,300,2020-05-01,2:00 PM,$363.00 
543154,12037,300,2020-05-01,4:00 PM,$393.00 
345289,12037,300,2020-05-02,7:30 PM,$323.00 
237073,12037,300,2020-05-02,11:30 PM,$438.00 
494502,12037,300,2020-05-03,10:30 AM,$365.00 
596069,12037,300,2020-05-03,9:30 AM,$378.00 
843316,12037,300,2020-05-04,11:00 AM,$357.00 
472759,12037,300,2020-05-04,8:30 AM,$423.00 
209552,12037,300,2020-05-05,10:30 PM,$423.00 
652095,12037,300,2020-05-05,7:30 AM,$325.00 
812246,12037,300,2020-05-06,2:30 PM,$408.00 
781101,12037,300,2020-05-06,7:30 PM,$338.00 
682404,12037,300,2020-05-07,11:00 AM,$345.00 
658370,12037,300,2020-05-07,7:30 AM,$436.00 
670185,37802,300,2020-05-01,6:30 AM,$321.00 
612172,37802,300,2020-05-01,11:30 AM,$370.00 
655529,37802,300,2020-05-02,6:30 AM,$407.00 
409160,37802,300,2020-05-02,6:00 AM,$447.00 
695275,37802,300,2020-05-03,9:30 AM,$477.00 
485617,37802,300,2020-05-03,11:30 AM,$454.00 
492679,37802,300,2020-05-04,5:30 PM,$424.00 
630449,37802,300,2020-05-04,5:00 AM,$332.00 
701407,37802,300,2020-05-05,2:00 PM,$460.00 
395824,37802,300,2020-05-05,12:30 PM,$477.00 
471585,37802,300,2020-05-06,6:30 AM,$486.00 
695036,37802,300,2020-05-06,5:30 AM,$398.00 
404148,37802,300,2020-05-07,8:00 AM,$422.00 
613605,37802,300,2020-05-07,6:30 PM,$354.00 
251149,28228,300,2020-05-01,12:30 AM,$347.00 
809264,28228,300,2020-05-01,6:30 PM,$359.00 
682061,28228,300,2020-05-02,10:30 AM,$367.00 
487093,28228,300,2020-05-02,10:30 AM,$386.00 
797803,28228,300,2020-05-03,12:30 AM,$383.00 
438527,28228,300,2020-05-03,2:30 AM,$429.00 
936795,28228,300,2020-05-04,5:00 PM,$316.00 
394422,28228,300,2020-05-04,2:00 PM,$449.00 
190561,28228,300,2020-05-05,7:30 AM,$487.00 
658610,28228,300,2020-05-05,11:00 AM,$441.00 
496522,28228,300,2020-05-06,1:30 AM,$471.00 
481164,28228,300,2020-05-06,7:00 AM,$367.00 
408617,28228,300,2020-05-07,8:00 AM,$476.00 
316891,28228,300,2020-05-07,10:30 AM,$357.00 
339751,33073,300,2020-05-01,6:00 PM,$454.00 
496474,33073,300,2020-05-01,10:00 AM,$462.00 
518454,33073,300,2020-05-02,12:00 PM,$353.00 
525285,33073,300,2020-05-02,7:30 AM,$310.00 
611601,33073,300,2020-05-03,1:00 AM,$398.00 
349258,33073,300,2020-05-03,2:30 PM,$302.00 
445710,33073,300,2020-05-04,6:00 AM,$467.00 
556764,33073,300,2020-05-04,7:00 PM,$490.00 
808808,33073,300,2020-05-05,12:00 PM,$401.00 
700787,33073,300,2020-05-05,8:30 AM,$426.00 
885022,33073,300,2020-05-06,8:30 PM,$437.00 
862398,33073,300,2020-05-06,10:30 AM,$459.00 
763781,33073,300,2020-05-07,7:30 AM,$407.00 
685811,33073,300,2020-05-07,6:00 AM,$365.00 
445867,87328,300,2020-05-01,4:30 PM,$304.00 
251449,87328,300,2020-05-01,9:00 AM,$500.00 
290941,87328,300,2020-05-02,12:30 PM,$317.00 
453143,87328,300,2020-05-02,4:30 AM,$478.00 
533799,87328,300,2020-05-03,1:00 AM,$300.00 
860363,87328,300,2020-05-03,2:00 PM,$429.00 
518110,87328,300,2020-05-04,8:30 PM,$318.00 
354830,87328,300,2020-05-04,3:00 AM,$445.00 
610238,87328,300,2020-05-05,8:00 PM,$448.00 
788291,87328,300,2020-05-05,11:00 AM,$437.00 
459172,87328,300,2020-05-06,8:00 PM,$443.00 
397364,87328,300,2020-05-06,2:30 AM,$405.00 
552697,87328,300,2020-05-07,11:00 AM,$461.00 
593096,87328,300,2020-05-07,6:30 AM,$347.00 
517372,46025,300,2020-05-01,4:30 AM,$387.00 
851409,46025,300,2020-05-01,5:30 AM,$406.00 
627597,46025,300,2020-05-02,6:00 PM,$374.00 
385176,46025,300,2020-05-02,4:30 PM,$439.00 
477592,46025,300,2020-05-03,9:00 PM,$323.00 
399399,46025,300,2020-05-03,7:30 AM,$482.00 
508543,46025,300,2020-05-04,6:30 PM,$409.00 
904028,46025,300,2020-05-04,9:00 PM,$316.00 
507172,46025,300,2020-05-05,7:00 PM,$436.00 
569432,46025,300,2020-05-05,3:00 AM,$422.00 
486963,46025,300,2020-05-06,2:00 PM,$369.00 
829589,46025,300,2020-05-06,7:30 PM,$358.00 
626423,46025,300,2020-05-07,10:00 PM,$331.00 
686465,46025,300,2020-05-07,1:00 AM,$485.00 
618647,33463,300,2020-05-01,7:30 AM,$475.00 
443390,33463,300,2020-05-01,12:00 PM,$300.00 
570174,33463,300,2020-05-02,2:00 PM,$316.00 
204491,33463,300,2020-05-02,1:00 PM,$411.00 
382742,33463,300,2020-05-03,5:00 PM,$413.00 
451610,33463,300,2020-05-03,11:30 AM,$432.00 
711774,33463,300,2020-05-04,11:30 PM,$332.00 
722401,33463,300,2020-05-04,9:30 PM,$433.00 
525633,33463,300,2020-05-05,7:30 AM,$307.00 
588808,33463,300,2020-05-05,5:00 PM,$494.00 
556424,33463,300,2020-05-06,10:30 AM,$441.00 
600353,33463,300,2020-05-06,4:30 AM,$445.00 
503004,33463,300,2020-05-07,5:00 AM,$359.00 
260341,33463,300,2020-05-07,10:00 PM,$337.00 
521757,18976,300,2020-05-01,7:00 PM,$352.00 
241757,18976,300,2020-05-01,11:30 PM,$382.00 
538749,18976,300,2020-05-02,3:00 PM,$371.00 
252062,18976,300,2020-05-02,5:30 PM,$400.00 
531722,18976,300,2020-05-03,9:30 AM,$480.00 
736607,18976,300,2020-05-03,2:30 AM,$473.00 
634850,18976,300,2020-05-04,2:00 AM,$427.00 
900557,18976,300,2020-05-04,3:30 AM,$307.00 
498830,18976,300,2020-05-05,4:00 AM,$426.00 
314211,18976,300,2020-05-05,7:30 AM,$410.00 
351708,18976,300,2020-05-06,6:30 PM,$302.00 
805462,18976,300,2020-05-06,4:30 PM,$384.00 
348736,18976,300,2020-05-07,8:00 AM,$368.00 
646121,18976,300,2020-05-07,11:00 AM,$355.00 
716720,18936,300,2020-05-01,11:30 PM,$346.00 
603857,18936,300,2020-05-01,10:30 AM,$368.00 
637757,18936,300,2020-05-02,4:30 AM,$328.00 
279755,18936,300,2020-05-02,7:00 AM,$451.00 
668901,18936,300,2020-05-03,7:30 AM,$478.00 
274656,18936,300,2020-05-03,11:30 PM,$307.00 
466554,18936,300,2020-05-04,5:00 PM,$496.00 
562351,18936,300,2020-05-04,11:30 AM,$360.00 
511677,18936,300,2020-05-05,5:30 PM,$487.00 
806394,18936,300,2020-05-05,3:30 PM,$307.00 
697446,18936,300,2020-05-06,2:00 AM,$368.00 
189765,18936,300,2020-05-06,8:30 AM,$434.00 
293804,18936,300,2020-05-07,7:30 AM,$309.00 
459326,18936,300,2020-05-07,8:30 PM,$367.00 
656781,34132,300,2020-05-01,12:00 PM,$380.00 
667117,34132,300,2020-05-01,8:00 PM,$406.00 
470419,34132,300,2020-05-02,4:30 AM,$302.00 
687801,34132,300,2020-05-02,5:30 AM,$317.00 
511699,34132,300,2020-05-03,4:00 AM,$333.00 
864401,34132,300,2020-05-03,2:30 AM,$320.00 
574685,34132,300,2020-05-04,11:00 AM,$433.00 
647411,34132,300,2020-05-04,11:30 PM,$381.00 
822204,34132,300,2020-05-05,5:00 AM,$488.00 
611978,34132,300,2020-05-05,8:30 AM,$317.00 
511370,34132,300,2020-05-06,5:30 AM,$323.00 
315836,34132,300,2020-05-06,8:30 PM,$332.00 
733754,34132,300,2020-05-07,3:30 PM,$480.00 
784901,34132,300,2020-05-07,12:00 PM,$448.00 
352781,31299,300,2020-05-01,6:30 AM,$300.00 
636632,31299,300,2020-05-01,12:30 PM,$303.00 
727210,31299,300,2020-05-02,8:30 AM,$314.00 
650092,31299,300,2020-05-02,9:30 PM,$464.00 
862041,31299,300,2020-05-03,6:00 PM,$434.00 
735699,31299,300,2020-05-03,12:00 AM,$471.00 
427819,31299,300,2020-05-04,5:00 AM,$410.00 
390535,31299,300,2020-05-04,7:30 AM,$370.00 
556053,31299,300,2020-05-05,1:30 AM,$366.00 
333293,31299,300,2020-05-05,3:30 PM,$460.00 
646885,31299,300,2020-05-06,11:30 PM,$433.00 
777699,31299,300,2020-05-06,12:30 AM,$386.00 
661414,31299,300,2020-05-07,4:30 AM,$359.00 
666512,31299,300,2020-05-07,2:00 PM,$390.00 
336916,18436,300,2020-05-01,7:00 PM,$364.00 
616429,18436,300,2020-05-01,1:00 AM,$378.00 
786749,18436,300,2020-05-02,2:30 PM,$357.00 
868844,18436,300,2020-05-02,10:00 PM,$443.00 
774953,18436,300,2020-05-03,6:30 PM,$384.00 
484930,18436,300,2020-05-03,8:00 AM,$350.00 
838144,18436,300,2020-05-04,3:30 AM,$440.00 
237104,18436,300,2020-05-04,3:30 AM,$444.00 
559906,18436,300,2020-05-05,12:00 PM,$326.00 
496805,18436,300,2020-05-05,9:30 PM,$426.00 
757657,18436,300,2020-05-06,12:00 PM,$428.00 
547009,18436,300,2020-05-06,2:00 AM,$401.00 
251221,18436,300,2020-05-07,11:00 AM,$438.00 
631636,18436,300,2020-05-07,6:00 AM,$408.00 
550492,14197,300,2020-05-01,12:00 AM,$346.00 
532157,14197,300,2020-05-01,8:30 AM,$382.00 
608997,14197,300,2020-05-02,7:00 PM,$428.00 
540502,14197,300,2020-05-02,10:30 AM,$376.00 
874924,14197,300,2020-05-03,9:00 PM,$320.00 
508231,14197,300,2020-05-03,3:30 AM,$464.00 
637428,14197,300,2020-05-04,8:00 PM,$431.00 
648171,14197,300,2020-05-04,12:30 PM,$311.00 
700663,14197,300,2020-05-05,2:00 AM,$481.00 
824814,14197,300,2020-05-05,8:00 AM,$321.00 
308642,14197,300,2020-05-06,5:00 PM,$406.00 
272778,14197,300,2020-05-06,11:30 AM,$424.00 
479009,14197,300,2020-05-07,11:30 AM,$382.00 
444026,14197,300,2020-05-07,2:30 PM,$479.00 
476781,47318,300,2020-05-01,12:30 AM,$409.00 
344834,47318,300,2020-05-01,3:30 AM,$350.00 
311970,47318,300,2020-05-02,12:30 AM,$346.00 
733490,47318,300,2020-05-02,7:30 PM,$368.00 
469134,47318,300,2020-05-03,5:00 PM,$466.00 
564351,47318,300,2020-05-03,11:00 PM,$460.00 
335976,47318,300,2020-05-04,1:30 AM,$363.00 
474153,47318,300,2020-05-04,12:30 AM,$485.00 
646465,47318,300,2020-05-05,6:00 AM,$328.00 
515762,47318,300,2020-05-05,2:30 AM,$333.00 
586660,47318,300,2020-05-06,2:30 PM,$328.00 
384342,47318,300,2020-05-06,2:00 AM,$472.00 
483568,47318,300,2020-05-07,4:30 AM,$383.00 
380696,47318,300,2020-05-07,10:00 PM,$425.00 
640632,32788,300,2020-05-01,11:00 AM,$422.00 
512184,32788,300,2020-05-01,12:30 PM,$444.00 
892860,32788,300,2020-05-02,10:30 AM,$479.00 
300635,32788,300,2020-05-02,12:00 PM,$433.00 
443691,32788,300,2020-05-03,2:30 PM,$366.00 
698074,32788,300,2020-05-03,11:00 AM,$407.00 
696240,32788,300,2020-05-04,2:00 PM,$336.00 
663579,32788,300,2020-05-04,2:30 AM,$476.00 
349092,32788,300,2020-05-05,2:30 PM,$379.00 
353071,32788,300,2020-05-05,3:00 AM,$311.00 
670655,32788,300,2020-05-06,10:00 PM,$468.00 
531621,32788,300,2020-05-06,1:00 AM,$494.00 
782898,32788,300,2020-05-07,8:30 PM,$387.00 
320066,32788,300,2020-05-07,3:00 AM,$400.00 
578929,89432,300,2020-05-01,2:30 AM,$460.00 
332241,89432,300,2020-05-01,12:00 PM,$495.00 
541733,89432,300,2020-05-02,7:00 PM,$394.00 
430055,89432,300,2020-05-02,10:30 AM,$353.00 
417354,89432,300,2020-05-03,5:30 AM,$403.00 
358626,89432,300,2020-05-03,1:00 AM,$456.00 
587996,89432,300,2020-05-04,10:00 AM,$304.00 
653804,89432,300,2020-05-04,9:00 PM,$493.00 
605519,89432,300,2020-05-05,6:30 PM,$400.00 
714183,89432,300,2020-05-05,2:00 PM,$473.00 
507091,89432,300,2020-05-06,2:00 AM,$366.00 
603241,89432,300,2020-05-06,1:00 AM,$373.00 
668422,89432,300,2020-05-07,2:30 PM,$327.00 
880344,89432,300,2020-05-07,5:00 PM,$375.00 
438331,48051,300,2020-05-01,4:30 PM,$351.00 
474705,48051,300,2020-05-01,9:30 AM,$421.00 
361402,48051,300,2020-05-02,5:30 PM,$390.00 
773445,48051,300,2020-05-02,5:30 AM,$420.00 
647489,48051,300,2020-05-03,3:00 PM,$314.00 
767215,48051,300,2020-05-03,4:00 PM,$444.00 
483007,48051,300,2020-05-04,4:30 AM,$455.00 
272537,48051,300,2020-05-04,7:00 PM,$326.00 
693371,48051,300,2020-05-05,8:00 AM,$347.00 
906271,48051,300,2020-05-05,2:30 PM,$421.00 
494746,48051,300,2020-05-06,2:00 AM,$476.00 
294419,48051,300,2020-05-06,5:00 AM,$335.00 
429716,48051,300,2020-05-07,9:00 AM,$468.00 
629273,48051,300,2020-05-07,5:00 PM,$439.00 
522786,46002,300,2020-05-01,2:30 PM,$337.00 
372367,46002,300,2020-05-01,3:00 AM,$436.00 
599979,46002,300,2020-05-02,4:30 PM,$492.00 
684214,46002,300,2020-05-02,11:00 AM,$363.00 
339028,46002,300,2020-05-03,10:30 AM,$405.00 
198201,46002,300,2020-05-03,3:30 PM,$356.00 
487951,46002,300,2020-05-04,4:00 AM,$313.00 
365935,46002,300,2020-05-04,12:30 AM,$354.00 
214713,46002,300,2020-05-05,4:00 AM,$314.00 
645258,46002,300,2020-05-05,3:30 AM,$375.00 
480233,46002,300,2020-05-06,4:30 AM,$489.00 
744885,46002,300,2020-05-06,3:00 PM,$392.00 
818244,46002,300,2020-05-07,2:00 PM,$348.00 
273895,46002,300,2020-05-07,10:00 AM,$386.00 
322449,21098,300,2020-05-01,2:30 PM,$433.00 
567787,21098,300,2020-05-01,10:00 AM,$363.00 
610031,21098,300,2020-05-02,7:00 AM,$382.00 
305698,21098,300,2020-05-02,7:00 AM,$345.00 
461912,21098,300,2020-05-03,4:30 AM,$432.00 
513815,21098,300,2020-05-03,5:00 AM,$318.00 
501049,21098,300,2020-05-04,12:30 AM,$307.00 
933839,21098,300,2020-05-04,2:00 AM,$368.00 
826436,21098,300,2020-05-05,1:30 PM,$336.00 
321573,21098,300,2020-05-05,3:30 PM,$435.00 
348929,21098,300,2020-05-06,7:30 PM,$435.00 
863543,21098,300,2020-05-06,2:30 PM,$481.00 
653551,21098,300,2020-05-07,2:00 PM,$302.00 
634470,21098,300,2020-05-07,6:00 PM,$489.00 
444038,11124,300,2020-05-01,1:00 AM,$453.00 
331513,11124,300,2020-05-01,2:00 AM,$407.00 
492200,11124,300,2020-05-02,1:30 AM,$300.00 
400758,11124,300,2020-05-02,4:00 AM,$304.00 
523504,11124,300,2020-05-03,7:30 PM,$305.00 
740734,11124,300,2020-05-03,4:00 PM,$392.00 
518200,11124,300,2020-05-04,10:00 AM,$423.00 
540658,11124,300,2020-05-04,10:30 AM,$422.00 
529648,11124,300,2020-05-05,3:30 AM,$426.00 
394689,11124,300,2020-05-05,10:00 AM,$359.00 
446538,11124,300,2020-05-06,12:00 PM,$380.00 
679334,11124,300,2020-05-06,8:30 AM,$365.00 
744048,11124,300,2020-05-07,7:30 PM,$318.00 
434863,11124,300,2020-05-07,2:00 AM,$462.00 
536962,25481,300,2020-05-01,11:00 PM,$399.00 
463915,25481,300,2020-05-01,5:00 AM,$475.00 
309405,25481,300,2020-05-02,10:30 AM,$334.00 
734774,25481,300,2020-05-02,11:30 PM,$451.00 
888285,25481,300,2020-05-03,11:00 PM,$473.00 
801230,25481,300,2020-05-03,9:00 PM,$437.00 
295607,25481,300,2020-05-04,1:30 PM,$312.00 
302164,25481,300,2020-05-04,3:30 PM,$436.00 
775191,25481,300,2020-05-05,10:00 AM,$444.00 
415490,25481,300,2020-05-05,1:00 PM,$386.00 
374722,25481,300,2020-05-06,12:30 AM,$489.00 
336527,25481,300,2020-05-06,2:00 PM,$374.00 
508719,25481,300,2020-05-07,11:30 AM,$358.00 
886599,25481,300,2020-05-07,8:00 AM,$464.00 
807354,11832,300,2020-05-01,10:30 AM,$423.00 
618243,11832,300,2020-05-01,4:00 AM,$349.00 
736520,11832,300,2020-05-02,5:00 PM,$374.00 
381362,11832,300,2020-05-02,1:00 PM,$468.00 
545483,11832,300,2020-05-03,8:00 AM,$412.00 
511489,11832,300,2020-05-03,12:00 AM,$490.00 
294406,11832,300,2020-05-04,3:00 PM,$340.00 
500493,11832,300,2020-05-04,11:30 AM,$472.00 
612820,11832,300,2020-05-05,8:00 PM,$338.00 
564783,11832,300,2020-05-05,8:00 PM,$479.00 
466724,11832,300,2020-05-06,9:00 PM,$444.00 
625334,11832,300,2020-05-06,12:00 PM,$418.00 
133465,11832,300,2020-05-07,3:00 PM,$376.00 
435354,11832,300,2020-05-07,5:00 AM,$316.00 
333635,17781,300,2020-05-01,12:00 PM,$315.00 
543040,17781,300,2020-05-01,10:00 PM,$328.00 
261173,17781,300,2020-05-02,3:30 PM,$383.00 
287238,17781,300,2020-05-02,9:30 PM,$353.00 
455545,17781,300,2020-05-03,9:30 PM,$389.00 
731181,17781,300,2020-05-03,7:00 PM,$397.00 
825222,17781,300,2020-05-04,4:30 PM,$441.00 
255028,17781,300,2020-05-04,12:00 AM,$413.00 
649872,17781,300,2020-05-05,6:00 AM,$402.00 
807214,17781,300,2020-05-05,12:30 AM,$339.00 
757267,17781,300,2020-05-06,9:00 PM,$310.00 
304744,17781,300,2020-05-06,5:00 PM,$500.00 
559178,17781,300,2020-05-07,5:00 PM,$330.00 
214886,17781,300,2020-05-07,6:00 PM,$462.00 
432577,11366,300,2020-05-01,7:30 PM,$404.00 
660460,11366,300,2020-05-01,7:30 AM,$312.00 
304630,11366,300,2020-05-02,12:30 AM,$482.00 
518925,11366,300,2020-05-02,2:00 PM,$378.00 
351239,11366,300,2020-05-03,9:30 AM,$339.00 
706970,11366,300,2020-05-03,3:30 AM,$488.00 
544630,11366,300,2020-05-04,2:30 AM,$488.00 
351741,11366,300,2020-05-04,12:30 PM,$329.00 
791419,11366,300,2020-05-05,11:30 PM,$383.00 
603575,11366,300,2020-05-05,2:00 AM,$397.00 
421489,11366,300,2020-05-06,3:00 AM,$347.00 
666656,11366,300,2020-05-06,7:00 AM,$397.00 
634427,11366,300,2020-05-07,11:30 PM,$462.00 
384112,11366,300,2020-05-07,11:30 AM,$471.00 
359355,15809,300,2020-05-01,2:00 AM,$390.00 
271050,15809,300,2020-05-01,3:00 PM,$419.00 
815871,15809,300,2020-05-02,10:30 AM,$334.00 
418273,15809,300,2020-05-02,5:00 AM,$484.00 
521114,15809,300,2020-05-03,5:30 PM,$393.00 
301393,15809,300,2020-05-03,2:00 PM,$363.00 
774070,15809,300,2020-05-04,10:00 PM,$332.00 
848968,15809,300,2020-05-04,4:00 PM,$398.00 
342129,15809,300,2020-05-05,2:30 PM,$315.00 
667789,15809,300,2020-05-05,4:30 AM,$336.00 
463391,15809,300,2020-05-06,9:30 PM,$380.00 
362793,15809,300,2020-05-06,7:00 AM,$335.00 
551508,15809,300,2020-05-07,12:30 AM,$436.00 
381102,15809,300,2020-05-07,4:00 PM,$379.00 
856693,36694,300,2020-05-01,12:30 PM,$455.00 
570188,36694,300,2020-05-01,11:30 PM,$354.00 
680177,36694,300,2020-05-02,9:30 AM,$318.00 
260266,36694,300,2020-05-02,10:30 AM,$423.00 
243429,36694,300,2020-05-03,12:00 AM,$335.00 
446766,36694,300,2020-05-03,11:30 AM,$385.00 
610272,36694,300,2020-05-04,12:30 AM,$307.00 
563378,36694,300,2020-05-04,5:30 PM,$324.00 
770503,36694,300,2020-05-05,1:00 PM,$300.00 
673640,36694,300,2020-05-05,3:00 PM,$339.00 
374819,36694,300,2020-05-06,3:30 AM,$478.00 
430410,36694,300,2020-05-06,3:30 PM,$374.00 
265441,36694,300,2020-05-07,9:00 PM,$415.00 
799174,36694,300,2020-05-07,5:30 PM,$349.00 
804127,26110,300,2020-05-01,1:00 AM,$373.00 
468712,26110,300,2020-05-01,2:30 AM,$340.00 
282955,26110,300,2020-05-02,10:00 PM,$420.00 
511217,26110,300,2020-05-02,7:30 AM,$499.00 
632991,26110,300,2020-05-03,9:30 PM,$367.00 
471030,26110,300,2020-05-03,10:30 AM,$384.00 
499725,26110,300,2020-05-04,8:30 PM,$408.00 
748953,26110,300,2020-05-04,12:00 PM,$343.00 
267965,26110,300,2020-05-05,8:00 PM,$347.00 
248577,26110,300,2020-05-05,3:00 PM,$394.00 
719728,26110,300,2020-05-06,1:30 AM,$378.00 
776559,26110,300,2020-05-06,12:30 AM,$328.00 
467794,26110,300,2020-05-07,11:00 PM,$426.00 
408106,26110,300,2020-05-07,5:30 PM,$377.00 
270978,33106,300,2020-05-01,3:30 AM,$453.00 
692547,33106,300,2020-05-01,6:00 PM,$398.00 
657203,33106,300,2020-05-02,12:00 AM,$357.00 
601312,33106,300,2020-05-02,6:00 PM,$319.00 
941750,33106,300,2020-05-03,12:30 AM,$373.00 
539630,33106,300,2020-05-03,5:00 PM,$357.00 
808767,33106,300,2020-05-04,1:30 PM,$309.00 
591487,33106,300,2020-05-04,5:00 AM,$390.00 
593619,33106,300,2020-05-05,3:30 AM,$361.00 
317191,33106,300,2020-05-05,8:30 PM,$401.00 
867343,33106,300,2020-05-06,10:00 AM,$342.00 
280931,33106,300,2020-05-06,3:30 AM,$416.00 
474141,33106,300,2020-05-07,8:00 AM,$303.00 
654937,33106,300,2020-05-07,5:30 AM,$436.00 
477558,55256,300,2020-05-01,6:30 PM,$388.00 
817512,55256,300,2020-05-01,1:00 PM,$492.00 
463384,55256,300,2020-05-02,1:30 PM,$442.00 
402606,55256,300,2020-05-02,5:30 AM,$433.00 
472477,55256,300,2020-05-03,1:30 PM,$363.00 
557660,55256,300,2020-05-03,5:30 PM,$315.00 
811142,55256,300,2020-05-04,12:30 AM,$390.00 
304223,55256,300,2020-05-04,12:00 PM,$334.00 
247325,55256,300,2020-05-05,3:00 AM,$370.00 
834913,55256,300,2020-05-05,3:30 AM,$360.00 
341805,55256,300,2020-05-06,11:30 PM,$352.00 
237763,55256,300,2020-05-06,2:30 AM,$325.00 
737691,55256,300,2020-05-07,6:00 AM,$387.00 
769434,55256,300,2020-05-07,12:30 AM,$474.00 
204242,41025,300,2020-05-01,11:00 PM,$423.00 
624975,41025,300,2020-05-01,3:00 AM,$437.00 
677847,41025,300,2020-05-02,3:30 PM,$455.00 
628337,41025,300,2020-05-02,12:00 AM,$346.00 
537267,41025,300,2020-05-03,4:00 PM,$480.00 
554890,41025,300,2020-05-03,5:30 PM,$379.00 
679316,41025,300,2020-05-04,1:00 PM,$347.00 
652284,41025,300,2020-05-04,2:30 AM,$423.00 
463383,41025,300,2020-05-05,8:00 PM,$306.00 
408968,41025,300,2020-05-05,2:30 AM,$345.00 
555459,41025,300,2020-05-06,10:30 AM,$479.00 
299146,41025,300,2020-05-06,3:30 AM,$500.00 
308028,41025,300,2020-05-07,3:00 AM,$493.00 
262249,41025,300,2020-05-07,4:30 AM,$308.00 
585064,89381,300,2020-05-01,1:30 PM,$365.00 
605064,89381,300,2020-05-01,12:30 AM,$420.00 
155058,89381,300,2020-05-02,6:00 PM,$402.00 
525490,89381,300,2020-05-02,12:00 PM,$460.00 
852845,89381,300,2020-05-03,3:30 PM,$307.00 
372604,89381,300,2020-05-03,7:30 PM,$415.00 
699013,89381,300,2020-05-04,2:00 AM,$378.00 
716829,89381,300,2020-05-04,10:30 AM,$417.00 
426877,89381,300,2020-05-05,11:00 PM,$316.00 
627614,89381,300,2020-05-05,1:30 AM,$403.00 
782046,89381,300,2020-05-06,5:30 PM,$386.00 
693065,89381,300,2020-05-06,2:30 AM,$352.00 
445375,89381,300,2020-05-07,11:00 AM,$421.00 
559905,89381,300,2020-05-07,4:30 AM,$366.00 
501792,25649,300,2020-05-01,3:30 AM,$343.00 
581492,25649,300,2020-05-01,4:00 AM,$467.00 
251140,25649,300,2020-05-02,2:00 PM,$376.00 
496467,25649,300,2020-05-02,10:30 AM,$370.00 
945792,25649,300,2020-05-03,11:00 PM,$491.00 
439557,25649,300,2020-05-03,12:30 AM,$310.00 
568788,25649,300,2020-05-04,1:00 AM,$480.00 
762579,25649,300,2020-05-04,8:00 PM,$491.00 
373951,25649,300,2020-05-05,12:30 AM,$333.00 
477302,25649,300,2020-05-05,4:30 PM,$453.00 
371196,25649,300,2020-05-06,2:00 AM,$460.00 
510030,25649,300,2020-05-06,12:30 PM,$416.00 
291055,25649,300,2020-05-07,6:00 PM,$413.00 
916340,25649,300,2020-05-07,4:00 PM,$442.00 
431996,32661,300,2020-05-01,1:00 AM,$331.00 
669991,32661,300,2020-05-01,3:00 PM,$300.00 
569555,32661,300,2020-05-02,12:30 AM,$425.00 
395839,32661,300,2020-05-02,2:30 PM,$339.00 
312610,32661,300,2020-05-03,3:30 PM,$412.00 
271382,32661,300,2020-05-03,10:30 PM,$413.00 
696451,32661,300,2020-05-04,4:30 PM,$489.00 
459306,32661,300,2020-05-04,5:00 PM,$334.00 
428107,32661,300,2020-05-05,10:30 PM,$363.00 
269296,32661,300,2020-05-05,7:00 AM,$351.00 
339446,32661,300,2020-05-06,10:00 AM,$378.00 
241335,32661,300,2020-05-06,11:00 AM,$466.00 
487863,32661,300,2020-05-07,9:00 PM,$329.00 
330981,32661,300,2020-05-07,1:00 AM,$422.00 
669664,27436,300,2020-05-01,11:30 PM,$373.00 
603302,27436,300,2020-05-01,11:00 PM,$365.00 
189516,27436,300,2020-05-02,11:30 AM,$361.00 
834580,27436,300,2020-05-02,4:30 AM,$494.00 
577003,27436,300,2020-05-03,6:30 AM,$321.00 
360657,27436,300,2020-05-03,9:00 AM,$339.00 
341118,27436,300,2020-05-04,1:00 AM,$380.00 
788619,27436,300,2020-05-04,4:00 PM,$334.00 
676316,27436,300,2020-05-05,8:30 AM,$479.00 
692861,27436,300,2020-05-05,11:00 PM,$329.00 
443389,27436,300,2020-05-06,11:30 PM,$454.00 
361149,27436,300,2020-05-06,12:00 AM,$366.00 
267132,27436,300,2020-05-07,8:00 PM,$340.00 
620468,27436,300,2020-05-07,6:00 AM,$431.00 
326562,32143,300,2020-05-01,9:00 PM,$479.00 
301242,32143,300,2020-05-01,5:00 PM,$460.00 
757736,32143,300,2020-05-02,3:30 PM,$362.00 
753246,32143,300,2020-05-02,8:30 AM,$362.00 
341542,32143,300,2020-05-03,4:30 AM,$497.00 
946115,32143,300,2020-05-03,5:30 PM,$394.00 
528105,32143,300,2020-05-04,11:00 PM,$360.00 
446965,32143,300,2020-05-04,6:30 AM,$478.00 
518185,32143,300,2020-05-05,4:30 PM,$357.00 
292132,32143,300,2020-05-05,9:30 PM,$320.00 
483988,32143,300,2020-05-06,10:00 PM,$316.00 
111128,32143,300,2020-05-06,10:00 PM,$429.00 
503580,32143,300,2020-05-07,10:30 PM,$420.00 
319342,32143,300,2020-05-07,7:00 AM,$496.00 
651842,24023,300,2020-05-01,10:30 PM,$308.00 
816990,24023,300,2020-05-01,1:30 AM,$437.00 
571416,24023,300,2020-05-02,4:00 PM,$476.00 
432287,24023,300,2020-05-02,12:30 PM,$412.00 
457816,24023,300,2020-05-03,8:00 PM,$362.00 
575852,24023,300,2020-05-03,12:00 AM,$329.00 
417288,24023,300,2020-05-04,11:00 AM,$435.00 
440314,24023,300,2020-05-04,7:00 AM,$317.00 
641505,24023,300,2020-05-05,9:30 AM,$500.00 
572212,24023,300,2020-05-05,4:00 PM,$305.00 
515788,24023,300,2020-05-06,5:30 AM,$436.00 
815144,24023,300,2020-05-06,1:00 PM,$306.00 
196769,24023,300,2020-05-07,11:00 AM,$302.00 
592154,24023,300,2020-05-07,12:00 AM,$311.00 
389298,39201,300,2020-05-01,12:30 AM,$397.00 
404798,39201,300,2020-05-01,8:00 AM,$434.00 
754092,39201,300,2020-05-02,2:30 PM,$330.00 
690465,39201,300,2020-05-02,3:00 PM,$329.00 
220653,39201,300,2020-05-03,9:00 AM,$483.00 
725027,39201,300,2020-05-03,5:00 PM,$362.00 
676470,39201,300,2020-05-04,6:30 PM,$457.00 
422663,39201,300,2020-05-04,4:30 PM,$309.00 
388509,39201,300,2020-05-05,3:00 AM,$347.00 
746815,39201,300,2020-05-05,5:30 PM,$472.00 
608858,39201,300,2020-05-06,12:00 AM,$324.00 
591667,39201,300,2020-05-06,10:30 AM,$377.00 
784742,39201,300,2020-05-07,3:00 PM,$383.00 
306428,39201,300,2020-05-07,9:00 AM,$463.00 
695841,37995,300,2020-05-01,2:30 AM,$433.00 
427295,37995,300,2020-05-01,10:00 PM,$377.00 
373682,37995,300,2020-05-02,8:30 AM,$381.00 
709510,37995,300,2020-05-02,12:00 PM,$490.00 
473393,37995,300,2020-05-03,3:00 PM,$485.00 
470534,37995,300,2020-05-03,3:00 AM,$399.00 
384240,37995,300,2020-05-04,3:30 AM,$421.00 
750307,37995,300,2020-05-04,2:00 AM,$302.00 
317718,37995,300,2020-05-05,2:30 PM,$485.00 
563162,37995,300,2020-05-05,12:00 PM,$495.00 
553184,37995,300,2020-05-06,12:30 PM,$432.00 
546012,37995,300,2020-05-06,3:30 AM,$387.00 
458477,37995,300,2020-05-07,4:30 AM,$389.00 
557471,37995,300,2020-05-07,8:30 PM,$349.00 
197427,12283,300,2020-05-01,2:30 AM,$491.00 
731622,12283,300,2020-05-01,8:30 PM,$449.00 
710097,12283,300,2020-05-02,2:00 PM,$343.00 
804318,12283,300,2020-05-02,8:00 AM,$473.00 
623741,12283,300,2020-05-03,10:00 PM,$474.00 
280211,12283,300,2020-05-03,2:00 PM,$363.00 
641751,12283,300,2020-05-04,4:30 AM,$340.00 
187404,12283,300,2020-05-04,11:30 PM,$335.00 
256667,12283,300,2020-05-05,9:30 PM,$416.00 
443876,12283,300,2020-05-05,9:00 AM,$347.00 
796502,12283,300,2020-05-06,12:30 AM,$441.00 
603938,12283,300,2020-05-06,3:30 PM,$493.00 
317657,12283,300,2020-05-07,5:00 PM,$354.00 
211396,12283,300,2020-05-07,8:00 PM,$438.00 
332179,33893,300,2020-05-01,3:00 AM,$409.00 
773785,33893,300,2020-05-01,2:30 PM,$385.00 
432532,33893,300,2020-05-02,2:00 PM,$334.00 
714053,33893,300,2020-05-02,3:30 PM,$412.00 
670059,33893,300,2020-05-03,11:00 PM,$433.00 
669757,33893,300,2020-05-03,12:00 PM,$339.00 
533129,33893,300,2020-05-04,3:00 AM,$385.00 
888041,33893,300,2020-05-04,5:30 AM,$333.00 
563055,33893,300,2020-05-05,4:00 AM,$459.00 
311751,33893,300,2020-05-05,12:30 PM,$409.00 
185106,33893,300,2020-05-06,10:00 AM,$424.00 
561174,33893,300,2020-05-06,9:00 PM,$400.00 
409377,33893,300,2020-05-07,8:30 PM,$335.00 
123262,33893,300,2020-05-07,1:30 PM,$343.00 
438909,91346,300,2020-05-01,4:00 PM,$355.00 
432806,91346,300,2020-05-01,3:30 PM,$399.00 
598495,91346,300,2020-05-02,6:00 PM,$413.00 
417263,91346,300,2020-05-02,5:00 AM,$362.00 
318862,91346,300,2020-05-03,12:00 PM,$368.00 
876454,91346,300,2020-05-03,1:00 PM,$430.00 
429355,91346,300,2020-05-04,8:00 AM,$406.00 
410307,91346,300,2020-05-04,10:00 AM,$304.00 
370895,91346,300,2020-05-05,1:30 AM,$496.00 
908521,91346,300,2020-05-05,2:30 AM,$448.00 
555583,91346,300,2020-05-06,12:30 AM,$361.00 
608816,91346,300,2020-05-06,7:30 AM,$470.00 
581525,91346,300,2020-05-07,3:30 PM,$437.00 
537692,91346,300,2020-05-07,8:00 AM,$474.00 
322756,41790,300,2020-05-01,8:00 AM,$361.00 
418444,41790,300,2020-05-01,9:30 AM,$442.00 
635237,41790,300,2020-05-02,11:30 AM,$310.00 
689254,41790,300,2020-05-02,7:00 AM,$346.00 
756448,41790,300,2020-05-03,8:30 AM,$454.00 
766921,41790,300,2020-05-03,8:00 AM,$374.00 
486361,41790,300,2020-05-04,10:30 PM,$333.00 
689533,41790,300,2020-05-04,12:00 AM,$419.00 
306729,41790,300,2020-05-05,1:00 PM,$307.00 
578820,41790,300,2020-05-05,5:00 AM,$318.00 
491304,41790,300,2020-05-06,4:00 PM,$457.00 
728197,41790,300,2020-05-06,4:30 PM,$357.00 
615861,41790,300,2020-05-07,4:30 PM,$375.00 
499762,41790,300,2020-05-07,2:30 PM,$340.00 
471419,54459,300,2020-05-01,8:00 PM,$420.00 
871011,54459,300,2020-05-01,3:30 AM,$466.00 
404139,54459,300,2020-05-02,2:30 AM,$409.00 
711941,54459,300,2020-05-02,5:30 AM,$466.00 
679376,54459,300,2020-05-03,5:00 PM,$436.00 
675284,54459,300,2020-05-03,1:00 PM,$314.00 
670988,54459,300,2020-05-04,2:30 AM,$401.00 
685666,54459,300,2020-05-04,6:30 PM,$365.00 
480964,54459,300,2020-05-05,9:00 AM,$422.00 
188920,54459,300,2020-05-05,2:00 AM,$428.00 
502637,54459,300,2020-05-06,8:00 PM,$496.00 
262862,54459,300,2020-05-06,9:30 PM,$362.00 
389729,54459,300,2020-05-07,4:30 PM,$357.00 
900770,54459,300,2020-05-07,11:00 PM,$332.00 
635354,46575,300,2020-05-01,4:30 PM,$477.00 
361213,46575,300,2020-05-01,9:30 PM,$352.00 
391426,46575,300,2020-05-02,8:30 AM,$422.00 
811711,46575,300,2020-05-02,8:00 AM,$315.00 
319946,46575,300,2020-05-03,12:30 AM,$322.00 
881701,46575,300,2020-05-03,1:00 PM,$304.00 
507062,46575,300,2020-05-04,2:00 AM,$361.00 
719259,46575,300,2020-05-04,10:30 PM,$414.00 
381962,46575,300,2020-05-05,1:00 AM,$466.00 
365034,46575,300,2020-05-05,2:30 AM,$307.00 
569592,46575,300,2020-05-06,8:30 AM,$372.00 
756411,46575,300,2020-05-06,12:00 AM,$395.00 
624948,46575,300,2020-05-07,9:30 PM,$306.00 
422026,46575,300,2020-05-07,12:00 PM,$393.00 
725440,42806,300,2020-05-01,11:00 PM,$351.00 
543782,42806,300,2020-05-01,11:00 PM,$462.00 
730174,42806,300,2020-05-02,7:00 AM,$303.00 
332199,42806,300,2020-05-02,12:30 PM,$442.00 
392377,42806,300,2020-05-03,10:30 AM,$381.00 
595005,42806,300,2020-05-03,3:00 AM,$327.00 
839277,42806,300,2020-05-04,11:30 PM,$307.00 
324960,42806,300,2020-05-04,4:30 PM,$364.00 
403325,42806,300,2020-05-05,4:30 AM,$327.00 
654763,42806,300,2020-05-05,12:30 PM,$408.00 
367863,42806,300,2020-05-06,10:00 AM,$467.00 
583067,42806,300,2020-05-06,12:30 PM,$474.00 
576891,42806,300,2020-05-07,12:30 AM,$478.00 
452346,42806,300,2020-05-07,10:30 PM,$341.00 
385204,41398,300,2020-05-01,9:30 PM,$354.00 
648992,41398,300,2020-05-01,6:30 PM,$446.00 
315123,41398,300,2020-05-02,6:00 PM,$462.00 
465342,41398,300,2020-05-02,5:00 AM,$380.00 
566507,41398,300,2020-05-03,7:30 PM,$375.00 
789212,41398,300,2020-05-03,10:30 PM,$376.00 
417373,41398,300,2020-05-04,12:00 PM,$486.00 
414567,41398,300,2020-05-04,5:30 PM,$341.00 
194645,41398,300,2020-05-05,4:30 PM,$380.00 
676644,41398,300,2020-05-05,10:30 AM,$469.00 
589848,41398,300,2020-05-06,9:30 AM,$356.00 
784928,41398,300,2020-05-06,1:00 AM,$330.00 
486827,41398,300,2020-05-07,8:00 PM,$446.00 
576688,41398,300,2020-05-07,5:00 PM,$348.00 
874112,32698,300,2020-05-01,2:30 AM,$309.00 
769523,32698,300,2020-05-01,12:30 PM,$356.00 
407048,32698,300,2020-05-02,6:00 PM,$417.00 
567568,32698,300,2020-05-02,5:00 PM,$351.00 
435521,32698,300,2020-05-03,8:00 PM,$406.00 
895834,32698,300,2020-05-03,2:00 PM,$394.00 
649456,32698,300,2020-05-04,9:30 PM,$396.00 
445071,32698,300,2020-05-04,8:30 PM,$363.00 
521158,32698,300,2020-05-05,4:00 AM,$414.00 
640178,32698,300,2020-05-05,3:30 AM,$473.00 
531842,32698,300,2020-05-06,12:30 AM,$321.00 
648730,32698,300,2020-05-06,10:00 AM,$357.00 
217411,32698,300,2020-05-07,8:00 AM,$378.00 
340140,32698,300,2020-05-07,1:30 PM,$330.00 
436211,35332,300,2020-05-01,8:00 AM,$415.00 
749264,35332,300,2020-05-01,1:00 AM,$416.00 
372559,35332,300,2020-05-02,1:00 AM,$490.00 
457526,35332,300,2020-05-02,6:30 PM,$368.00 
537309,35332,300,2020-05-03,5:30 PM,$463.00 
660119,35332,300,2020-05-03,6:30 AM,$351.00 
529093,35332,300,2020-05-04,7:00 PM,$311.00 
418142,35332,300,2020-05-04,1:30 PM,$487.00 
718705,35332,300,2020-05-05,9:00 PM,$491.00 
476674,35332,300,2020-05-05,7:00 AM,$353.00 
640608,35332,300,2020-05-06,9:30 AM,$312.00 
346224,35332,300,2020-05-06,9:30 PM,$410.00 
636105,35332,300,2020-05-07,6:00 AM,$458.00 
356613,35332,300,2020-05-07,6:00 PM,$343.00 
430846,47903,300,2020-05-01,1:30 AM,$332.00 
655448,47903,300,2020-05-01,11:00 PM,$460.00 
325882,47903,300,2020-05-02,4:30 PM,$403.00 
200591,47903,300,2020-05-02,4:30 PM,$387.00 
479853,47903,300,2020-05-03,9:00 AM,$458.00 
505601,47903,300,2020-05-03,1:00 AM,$489.00 
744943,47903,300,2020-05-04,9:00 AM,$381.00 
701368,47903,300,2020-05-04,11:30 PM,$358.00 
613758,47903,300,2020-05-05,7:30 PM,$334.00 
522137,47903,300,2020-05-05,6:30 AM,$448.00 
885104,47903,300,2020-05-06,10:00 AM,$307.00 
626520,47903,300,2020-05-06,12:30 PM,$317.00 
553039,47903,300,2020-05-07,12:00 AM,$395.00 
357311,47903,300,2020-05-07,6:00 AM,$407.00 
355214,10664,300,2020-05-01,4:30 AM,$304.00 
565707,10664,300,2020-05-01,12:00 PM,$500.00 
871955,10664,300,2020-05-02,2:00 AM,$337.00 
654162,10664,300,2020-05-02,4:30 AM,$410.00 
761886,10664,300,2020-05-03,5:30 PM,$313.00 
723564,10664,300,2020-05-03,4:00 PM,$483.00 
256698,10664,300,2020-05-04,1:30 AM,$361.00 
470094,10664,300,2020-05-04,8:30 PM,$485.00 
770850,10664,300,2020-05-05,5:30 PM,$485.00 
232852,10664,300,2020-05-05,5:30 PM,$316.00 
334784,10664,300,2020-05-06,11:30 AM,$362.00 
624228,10664,300,2020-05-06,4:00 AM,$358.00 
424287,10664,300,2020-05-07,2:30 PM,$397.00 
311794,10664,300,2020-05-07,3:30 AM,$491.00 
786643,29941,300,2020-05-01,9:30 PM,$495.00 
442926,29941,300,2020-05-01,6:30 AM,$361.00 
546174,29941,300,2020-05-02,8:00 AM,$395.00 
701501,29941,300,2020-05-02,2:30 PM,$455.00 
501505,29941,300,2020-05-03,9:30 AM,$471.00 
149072,29941,300,2020-05-03,9:00 AM,$342.00 
604374,29941,300,2020-05-04,10:00 PM,$437.00 
477627,29941,300,2020-05-04,1:00 AM,$352.00 
580169,29941,300,2020-05-05,12:30 PM,$443.00 
730837,29941,300,2020-05-05,6:00 PM,$451.00 
758714,29941,300,2020-05-06,3:30 PM,$482.00 
774236,29941,300,2020-05-06,5:00 PM,$456.00 
474335,29941,300,2020-05-07,7:00 PM,$404.00 
281559,29941,300,2020-05-07,7:00 AM,$373.00 
689575,45403,300,2020-05-01,2:00 AM,$466.00 
111357,45403,300,2020-05-01,7:30 PM,$334.00 
732323,45403,300,2020-05-02,6:30 PM,$319.00 
903751,45403,300,2020-05-02,5:30 AM,$451.00 
382650,45403,300,2020-05-03,12:30 PM,$421.00 
359105,45403,300,2020-05-03,9:00 AM,$401.00 
623531,45403,300,2020-05-04,8:00 PM,$351.00 
605912,45403,300,2020-05-04,4:30 AM,$499.00 
784129,45403,300,2020-05-05,6:30 PM,$353.00 
376366,45403,300,2020-05-05,9:30 PM,$401.00 
150291,45403,300,2020-05-06,4:30 AM,$442.00 
808251,45403,300,2020-05-06,2:00 PM,$345.00 
723842,45403,300,2020-05-07,2:30 AM,$392.00 
551045,45403,300,2020-05-07,3:00 AM,$460.00 
395130,19743,300,2020-05-01,1:00 AM,$312.00 
234957,19743,300,2020-05-01,2:00 PM,$334.00 
237931,19743,300,2020-05-02,3:00 PM,$482.00 
611685,19743,300,2020-05-02,6:30 PM,$332.00 
458057,19743,300,2020-05-03,3:30 PM,$389.00 
470826,19743,300,2020-05-03,9:30 PM,$302.00 
950052,19743,300,2020-05-04,3:00 AM,$403.00 
509826,19743,300,2020-05-04,12:00 PM,$338.00 
377096,19743,300,2020-05-05,8:30 PM,$316.00 
424778,19743,300,2020-05-05,1:00 AM,$397.00 
914337,19743,300,2020-05-06,3:00 AM,$308.00 
538894,19743,300,2020-05-06,1:30 AM,$466.00 
655938,19743,300,2020-05-07,4:00 PM,$329.00 
849647,19743,300,2020-05-07,1:00 PM,$413.00 
410720,32169,300,2020-05-01,2:30 PM,$393.00 
527311,32169,300,2020-05-01,4:30 AM,$449.00 
692202,32169,300,2020-05-02,8:00 PM,$320.00 
745465,32169,300,2020-05-02,8:30 AM,$367.00 
304271,32169,300,2020-05-03,11:30 PM,$377.00 
613881,32169,300,2020-05-03,11:00 PM,$344.00 
213205,32169,300,2020-05-04,4:30 AM,$323.00 
471297,32169,300,2020-05-04,9:00 AM,$358.00 
517998,32169,300,2020-05-05,6:00 AM,$367.00 
390754,32169,300,2020-05-05,8:30 PM,$416.00 
512729,32169,300,2020-05-06,5:30 PM,$406.00 
545923,32169,300,2020-05-06,10:00 AM,$452.00 
884128,32169,300,2020-05-07,5:00 PM,$458.00 
309379,32169,300,2020-05-07,4:30 AM,$472.00 
221782,18713,300,2020-05-01,1:30 PM,$332.00 
378764,18713,300,2020-05-01,4:30 AM,$376.00 
533423,18713,300,2020-05-02,7:00 AM,$333.00 
147957,18713,300,2020-05-02,11:30 PM,$359.00 
209551,18713,300,2020-05-03,6:30 PM,$358.00 
758524,18713,300,2020-05-03,6:30 PM,$305.00 
494665,18713,300,2020-05-04,3:00 PM,$429.00 
443252,18713,300,2020-05-04,6:00 PM,$458.00 
547607,18713,300,2020-05-05,6:30 AM,$369.00 
685394,18713,300,2020-05-05,8:00 AM,$375.00 
422521,18713,300,2020-05-06,8:00 AM,$340.00 
582308,18713,300,2020-05-06,7:00 PM,$484.00 
626315,18713,300,2020-05-07,8:00 AM,$375.00 
652848,18713,300,2020-05-07,6:30 PM,$309.00 
222294,49689,300,2020-05-01,4:00 AM,$419.00 
390093,49689,300,2020-05-01,8:00 AM,$448.00 
675207,49689,300,2020-05-02,8:30 PM,$489.00 
768281,49689,300,2020-05-02,12:00 AM,$319.00 
296467,49689,300,2020-05-03,1:00 AM,$473.00 
540327,49689,300,2020-05-03,4:30 AM,$420.00 
374690,49689,300,2020-05-04,10:00 AM,$440.00 
281963,49689,300,2020-05-04,9:30 AM,$340.00 
537735,49689,300,2020-05-05,3:30 AM,$320.00 
950411,49689,300,2020-05-05,4:00 PM,$370.00 
423136,49689,300,2020-05-06,8:30 AM,$359.00 
527474,49689,300,2020-05-06,11:30 PM,$492.00 
246146,49689,300,2020-05-07,3:30 AM,$407.00 
765450,49689,300,2020-05-07,8:00 AM,$352.00 
403760,49437,300,2020-05-01,7:30 AM,$328.00 
572370,49437,300,2020-05-01,2:30 AM,$452.00 
857802,49437,300,2020-05-02,7:30 PM,$425.00 
532543,49437,300,2020-05-02,7:30 AM,$331.00 
617319,49437,300,2020-05-03,11:00 AM,$426.00 
617208,49437,300,2020-05-03,10:00 PM,$344.00 
449596,49437,300,2020-05-04,10:00 PM,$307.00 
526617,49437,300,2020-05-04,9:00 PM,$440.00 
395524,49437,300,2020-05-05,8:00 PM,$348.00 
607735,49437,300,2020-05-05,6:00 PM,$398.00 
462873,49437,300,2020-05-06,7:00 PM,$393.00 
541166,49437,300,2020-05-06,6:00 AM,$312.00 
340165,49437,300,2020-05-07,5:00 PM,$439.00 
322155,49437,300,2020-05-07,10:00 PM,$391.00 
645658,39490,300,2020-05-01,6:30 PM,$316.00 
594454,39490,300,2020-05-01,4:00 PM,$413.00 
546668,39490,300,2020-05-02,1:00 PM,$372.00 
717884,39490,300,2020-05-02,10:00 AM,$435.00 
590173,39490,300,2020-05-03,11:30 PM,$360.00 
619598,39490,300,2020-05-03,5:00 AM,$435.00 
456609,39490,300,2020-05-04,10:30 AM,$480.00 
339312,39490,300,2020-05-04,8:00 PM,$454.00 
681106,39490,300,2020-05-05,5:00 PM,$325.00 
351013,39490,300,2020-05-05,11:30 AM,$379.00 
248097,39490,300,2020-05-06,10:00 PM,$493.00 
449717,39490,300,2020-05-06,7:00 AM,$456.00 
858518,39490,300,2020-05-07,5:30 PM,$326.00 
625430,39490,300,2020-05-07,7:30 AM,$305.00 
285224,46006,300,2020-05-01,11:30 PM,$410.00 
574293,46006,300,2020-05-01,9:30 PM,$389.00 
766324,46006,300,2020-05-02,3:30 PM,$442.00 
508760,46006,300,2020-05-02,10:30 AM,$375.00 
424145,46006,300,2020-05-03,8:30 PM,$335.00 
719496,46006,300,2020-05-03,6:00 PM,$370.00 
266077,46006,300,2020-05-04,3:00 AM,$413.00 
406324,46006,300,2020-05-04,11:30 AM,$418.00 
339304,46006,300,2020-05-05,9:00 PM,$459.00 
257827,46006,300,2020-05-05,7:30 AM,$409.00 
865956,46006,300,2020-05-06,4:00 PM,$344.00 
687439,46006,300,2020-05-06,12:00 PM,$428.00 
854667,46006,300,2020-05-07,2:00 AM,$375.00 
486655,46006,300,2020-05-07,6:00 AM,$367.00 
437363,35395,300,2020-05-01,6:30 PM,$394.00 
673289,35395,300,2020-05-01,1:30 AM,$469.00 
388084,35395,300,2020-05-02,1:30 PM,$468.00 
751444,35395,300,2020-05-02,7:30 PM,$329.00 
283529,35395,300,2020-05-03,7:30 AM,$311.00 
646823,35395,300,2020-05-03,1:00 PM,$416.00 
389366,35395,300,2020-05-04,8:00 PM,$378.00 
655516,35395,300,2020-05-04,8:00 AM,$414.00 
690156,35395,300,2020-05-05,4:30 PM,$493.00 
916063,35395,300,2020-05-05,11:00 PM,$442.00 
615089,35395,300,2020-05-06,11:30 AM,$435.00 
466101,35395,300,2020-05-06,3:00 PM,$427.00 
616564,35395,300,2020-05-07,8:00 AM,$322.00 
697806,35395,300,2020-05-07,7:00 PM,$372.00 
771521,48385,300,2020-05-01,10:30 AM,$339.00 
380054,48385,300,2020-05-01,3:00 AM,$378.00 
726024,48385,300,2020-05-02,4:00 AM,$358.00 
602833,48385,300,2020-05-02,6:30 PM,$421.00 
259163,48385,300,2020-05-03,12:30 AM,$306.00 
555906,48385,300,2020-05-03,10:30 PM,$478.00 
728787,48385,300,2020-05-04,8:30 PM,$475.00 
531810,48385,300,2020-05-04,11:00 AM,$337.00 
269187,48385,300,2020-05-05,3:00 PM,$371.00 
540690,48385,300,2020-05-05,2:30 AM,$329.00 
334850,48385,300,2020-05-06,2:30 AM,$438.00 
549953,48385,300,2020-05-06,5:30 PM,$316.00 
475727,48385,300,2020-05-07,4:00 AM,$392.00 
164237,48385,300,2020-05-07,12:00 AM,$494.00 
755202,34568,300,2020-05-01,2:00 PM,$353.00 
693123,34568,300,2020-05-01,1:00 PM,$452.00 
890092,34568,300,2020-05-02,5:30 PM,$303.00 
411194,34568,300,2020-05-02,6:30 PM,$431.00 
858142,34568,300,2020-05-03,1:00 AM,$410.00 
350063,34568,300,2020-05-03,7:00 PM,$477.00 
565050,34568,300,2020-05-04,5:00 AM,$374.00 
749093,34568,300,2020-05-04,7:00 AM,$355.00 
851899,34568,300,2020-05-05,2:00 PM,$500.00 
653560,34568,300,2020-05-05,7:30 AM,$318.00 
263155,34568,300,2020-05-06,12:00 PM,$315.00 
478496,34568,300,2020-05-06,2:00 AM,$483.00 
616948,34568,300,2020-05-07,5:30 PM,$342.00 
147590,34568,300,2020-05-07,5:00 PM,$485.00 
597887,16998,300,2020-05-01,1:30 AM,$356.00 
391129,16998,300,2020-05-01,2:30 PM,$307.00 
773811,16998,300,2020-05-02,12:00 AM,$435.00 
811477,16998,300,2020-05-02,6:00 PM,$337.00 
439615,16998,300,2020-05-03,10:00 AM,$323.00 
237383,16998,300,2020-05-03,2:00 AM,$481.00 
457565,16998,300,2020-05-04,2:00 AM,$396.00 
472249,16998,300,2020-05-04,12:00 PM,$370.00 
617623,16998,300,2020-05-05,9:00 PM,$336.00 
576448,16998,300,2020-05-05,5:00 AM,$355.00 
726137,16998,300,2020-05-06,10:00 AM,$379.00 
664887,16998,300,2020-05-06,3:30 PM,$493.00 
604528,16998,300,2020-05-07,1:30 PM,$320.00 
606991,16998,300,2020-05-07,8:30 PM,$482.00 
439850,13265,300,2020-05-01,4:00 AM,$401.00 
271539,13265,300,2020-05-01,9:30 PM,$367.00 
505484,13265,300,2020-05-02,9:00 PM,$353.00 
681384,13265,300,2020-05-02,1:30 PM,$442.00 
426759,13265,300,2020-05-03,2:00 AM,$385.00 
662045,13265,300,2020-05-03,7:00 PM,$482.00 
480172,13265,300,2020-05-04,11:00 PM,$366.00 
212887,13265,300,2020-05-04,10:30 PM,$456.00 
369479,13265,300,2020-05-05,7:00 PM,$369.00 
382841,13265,300,2020-05-05,10:00 AM,$332.00 
329455,13265,300,2020-05-06,12:30 AM,$393.00 
648328,13265,300,2020-05-06,2:00 PM,$438.00 
859349,13265,300,2020-05-07,7:00 AM,$389.00 
838529,13265,300,2020-05-07,3:00 AM,$438.00 
705539,49395,300,2020-05-01,3:00 PM,$384.00 
132415,49395,300,2020-05-01,8:30 PM,$417.00 
245271,49395,300,2020-05-02,12:00 PM,$312.00 
639382,49395,300,2020-05-02,8:00 AM,$307.00 
694087,49395,300,2020-05-03,2:00 PM,$463.00 
774685,49395,300,2020-05-03,5:30 AM,$379.00 
577510,49395,300,2020-05-04,8:00 PM,$471.00 
567407,49395,300,2020-05-04,12:00 PM,$346.00 
303851,49395,300,2020-05-05,8:00 PM,$377.00 
296852,49395,300,2020-05-05,12:30 PM,$459.00 
761504,49395,300,2020-05-06,2:30 AM,$439.00 
804846,49395,300,2020-05-06,7:00 AM,$301.00 
452486,49395,300,2020-05-07,5:00 AM,$376.00 
534688,49395,300,2020-05-07,10:30 PM,$338.00 
445286,14046,300,2020-05-01,11:30 AM,$396.00 
582970,14046,300,2020-05-01,5:30 AM,$330.00 
347153,14046,300,2020-05-02,11:00 AM,$413.00 
473540,14046,300,2020-05-02,1:00 PM,$399.00 
536108,14046,300,2020-05-03,4:00 AM,$365.00 
797073,14046,300,2020-05-03,8:00 PM,$477.00 
601258,14046,300,2020-05-04,7:30 AM,$413.00 
537505,14046,300,2020-05-04,5:00 PM,$467.00 
495319,14046,300,2020-05-05,10:00 AM,$377.00 
617369,14046,300,2020-05-05,12:00 PM,$353.00 
417283,14046,300,2020-05-06,3:30 PM,$384.00 
737692,14046,300,2020-05-06,1:30 PM,$424.00 
391480,14046,300,2020-05-07,9:00 AM,$455.00 
763115,14046,300,2020-05-07,3:00 PM,$369.00 
381243,44437,300,2020-05-01,12:00 AM,$333.00 
489588,44437,300,2020-05-01,9:30 PM,$313.00 
458659,44437,300,2020-05-02,10:30 AM,$413.00 
782255,44437,300,2020-05-02,5:30 AM,$457.00 
502736,44437,300,2020-05-03,10:30 AM,$314.00 
724411,44437,300,2020-05-03,8:30 PM,$332.00 
578486,44437,300,2020-05-04,6:00 PM,$489.00 
644006,44437,300,2020-05-04,12:30 AM,$372.00 
387096,44437,300,2020-05-05,11:00 PM,$480.00 
645802,44437,300,2020-05-05,8:00 AM,$491.00 
635285,44437,300,2020-05-06,8:00 AM,$329.00 
610555,44437,300,2020-05-06,4:00 AM,$357.00 
592342,44437,300,2020-05-07,12:30 AM,$401.00 
684555,44437,300,2020-05-07,7:00 PM,$398.00 
481488,14503,300,2020-05-01,6:00 AM,$452.00 
355647,14503,300,2020-05-01,7:00 PM,$467.00 
738314,14503,300,2020-05-02,11:30 PM,$330.00 
396087,14503,300,2020-05-02,4:30 AM,$372.00 
533587,14503,300,2020-05-03,7:30 AM,$346.00 
756403,14503,300,2020-05-03,9:00 AM,$333.00 
866448,14503,300,2020-05-04,7:00 AM,$325.00 
362146,14503,300,2020-05-04,12:30 AM,$305.00 
282358,14503,300,2020-05-05,1:00 PM,$397.00 
806883,14503,300,2020-05-05,9:00 PM,$396.00 
489327,14503,300,2020-05-06,7:00 AM,$309.00 
234874,14503,300,2020-05-06,4:00 AM,$463.00 
599785,14503,300,2020-05-07,8:00 AM,$375.00 
712808,14503,300,2020-05-07,8:30 AM,$391.00 
738436,21767,300,2020-05-01,10:30 AM,$377.00 
483993,21767,300,2020-05-01,7:30 AM,$321.00 
650561,21767,300,2020-05-02,10:30 AM,$401.00 
481073,21767,300,2020-05-02,11:30 PM,$490.00 
609123,21767,300,2020-05-03,5:00 PM,$339.00 
643976,21767,300,2020-05-03,1:30 PM,$462.00 
649252,21767,300,2020-05-04,12:00 AM,$401.00 
767363,21767,300,2020-05-04,4:00 AM,$391.00 
326394,21767,300,2020-05-05,8:30 PM,$376.00 
946113,21767,300,2020-05-05,6:30 PM,$394.00 
765195,21767,300,2020-05-06,4:00 PM,$456.00 
678541,21767,300,2020-05-06,8:00 AM,$322.00 
571974,21767,300,2020-05-07,5:30 PM,$415.00 
496933,21767,300,2020-05-07,1:30 PM,$425.00 
719796,47063,300,2020-05-01,7:30 AM,$457.00 
542571,47063,300,2020-05-01,6:30 PM,$354.00 
585038,47063,300,2020-05-02,9:00 PM,$378.00 
815050,47063,300,2020-05-02,4:30 AM,$409.00 
651248,47063,300,2020-05-03,6:30 PM,$440.00 
490666,47063,300,2020-05-03,7:00 PM,$427.00 
524285,47063,300,2020-05-04,5:00 AM,$423.00 
333767,47063,300,2020-05-04,8:00 AM,$401.00 
428058,47063,300,2020-05-05,1:30 AM,$441.00 
624703,47063,300,2020-05-05,1:30 AM,$304.00 
646437,47063,300,2020-05-06,8:00 PM,$422.00 
405264,47063,300,2020-05-06,11:30 AM,$304.00 
355441,47063,300,2020-05-07,6:00 PM,$321.00 
708444,47063,300,2020-05-07,7:00 PM,$341.00 
